Incident ID,Priority
IM0047057,3
IM0047051,4
IM0047053,4
IM0047052,4
IM0047050,5
IM0047056,4
IM0047055,5
IM0047049,4
IM0047048,2
IM0047054,4
IM0046998,4
IM0047047,4
IM0046997,3
IM0046996,4
IM0047043,4
IM0047017,4
IM0046995,4
IM0046994,4
IM0046993,3
IM0047046,4
IM0047042,3
IM0047016,4
IM0047015,3
IM0047045,4
IM0047044,3
IM0047041,3
IM0046992,5
IM0047014,5
IM0047029,4
IM0047028,4
IM0047040,5
IM0046991,4
IM0046990,4
IM0046989,4
IM0046988,4
IM0047013,4
IM0047039,3
IM0047038,4
IM0047027,4
IM0047026,3
IM0047037,3
IM0047036,4
IM0047035,4
IM0046987,5
IM0047012,5
IM0047011,5
IM0046986,4
IM0047025,5
IM0047010,5
IM0047009,4
IM0047034,4
IM0047024,5
IM0047008,4
IM0047007,4
IM0047006,4
IM0047033,5
IM0046985,5
IM0046984,4
IM0047032,5
IM0047005,3
IM0046983,4
IM0047004,3
IM0047023,4
IM0047022,4
IM0046982,5
IM0047003,2
IM0046981,4
IM0047021,3
IM0047020,4
IM0046980,4
IM0047002,4
IM0047031,4
IM0047030,4
IM0047001,4
IM0047000,5
IM0047019,4
IM0046977,4
IM0047018,4
IM0046968,4
IM0046999,4
IM0046979,4
IM0046967,4
IM0046978,3
IM0046942,4
IM0046966,4
IM0046941,5
IM0046860,5
IM0046859,5
IM0046976,4
IM0046940,4
IM0046975,4
IM0046965,4
IM0046858,4
IM0046964,4
IM0046974,4
IM0046973,5
IM0046963,4
IM0046857,4
IM0046972,4
IM0046962,3
IM0046856,4
IM0046961,4
IM0046960,4
IM0046939,5
IM0046959,4
IM0046855,4
IM0046971,4
IM0046970,4
IM0046958,4
IM0046957,4
IM0046937,4
IM0046956,4
IM0046936,3
IM0046955,3
IM0046935,4
IM0046954,4
IM0046934,3
IM0046969,3
IM0046933,4
IM0046953,4
IM0046887,5
IM0046886,4
IM0046952,4
IM0046951,4
IM0046854,3
IM0046950,4
IM0046853,4
IM0046885,4
IM0046852,4
IM0046949,4
IM0046932,5
IM0046948,4
IM0046851,4
IM0046947,4
IM0046946,5
IM0046945,4
IM0046943,3
IM0046850,4
IM0046849,4
IM0046931,4
IM0046916,4
IM0046915,4
IM0046884,5
IM0046914,5
IM0046883,3
IM0046930,4
IM0046882,3
IM0046848,4
IM0046913,3
IM0046847,5
IM0046846,3
IM0046881,3
IM0046912,4
IM0046880,3
IM0046929,5
IM0046928,3
IM0046927,4
IM0046879,4
IM0046926,4
IM0046911,4
IM0046910,4
IM0046909,5
IM0046908,4
IM0046878,4
IM0046877,5
IM0046876,5
IM0046907,5
IM0046845,5
IM0046906,4
IM0046875,5
IM0046905,4
IM0046925,4
IM0046924,4
IM0046844,5
IM0046843,5
IM0046904,4
IM0046903,5
IM0046902,5
IM0046901,5
IM0046900,5
IM0046899,4
IM0046898,4
IM0046842,3
IM0046897,3
IM0046923,5
IM0046874,5
IM0046841,3
IM0046922,5
IM0046896,5
IM0046873,3
IM0046840,5
IM0046839,5
IM0046872,3
IM0046921,5
IM0046871,3
IM0046870,4
IM0046869,3
IM0046894,5
IM0046895,3
IM0046868,3
IM0046893,5
IM0046920,5
IM0046919,5
IM0046918,5
IM0046867,3
IM0046866,3
IM0046838,5
IM0046892,5
IM0046891,5
IM0046890,5
IM0046865,5
IM0046889,5
IM0046837,4
IM0046836,3
IM0046888,3
IM0046864,4
IM0046863,3
IM0046862,3
IM0046861,5
IM0046835,4
IM0046805,3
IM0046804,3
IM0046803,3
IM0046802,4
IM0046832,4
IM0046827,4
IM0046826,3
IM0046825,3
IM0046801,4
IM0046831,5
IM0046800,4
IM0046830,5
IM0046834,4
IM0046799,3
IM0046829,4
IM0046798,4
IM0046824,4
IM0046833,4
IM0046752,4
IM0046797,4
IM0046823,4
IM0046751,4
IM0046796,3
IM0046750,4
IM0046795,4
IM0046822,5
IM0046782,4
IM0046749,4
IM0046821,4
IM0046781,4
IM0046748,4
IM0046747,4
IM0046780,4
IM0046746,4
IM0046745,4
IM0046794,4
IM0046793,4
IM0046820,4
IM0046819,3
IM0046818,4
IM0046792,4
IM0046779,4
IM0046817,4
IM0046744,4
IM0046790,3
IM0046778,3
IM0046816,4
IM0046743,3
IM0046815,4
IM0046814,5
IM0046777,4
IM0046813,4
IM0046742,5
IM0046741,4
IM0046812,4
IM0046776,4
IM0046775,4
IM0046774,4
IM0046811,4
IM0046810,5
IM0046740,3
IM0046809,3
IM0046773,4
IM0046808,3
IM0046772,3
IM0046789,4
IM0046771,4
IM0046770,5
IM0046739,3
IM0046807,3
IM0046788,4
IM0046806,4
IM0046687,5
IM0046686,4
IM0046769,3
IM0046787,5
IM0046768,5
IM0046738,2
IM0046737,4
IM0046685,4
IM0046767,4
IM0046736,4
IM0046735,4
IM0046786,3
IM0046766,5
IM0046765,4
IM0046734,5
IM0046684,4
IM0046733,4
IM0046764,5
IM0046683,5
IM0046763,4
IM0046732,4
IM0046785,5
IM0046762,4
IM0046784,4
IM0046682,4
IM0046761,4
IM0046760,4
IM0046681,4
IM0046731,4
IM0046680,4
IM0046730,4
IM0046759,3
IM0046758,4
IM0046729,4
IM0046783,3
IM0046728,4
IM0046679,4
IM0046757,4
IM0046678,5
IM0046677,4
IM0046656,4
IM0046676,4
IM0046756,4
IM0046655,5
IM0046675,4
IM0046755,4
IM0046727,4
IM0046754,4
IM0046654,4
IM0046674,5
IM0046673,5
IM0046726,3
IM0046753,4
IM0046725,3
IM0046719,5
IM0046653,4
IM0046718,5
IM0046652,5
IM0046724,4
IM0046717,4
IM0046672,5
IM0046651,4
IM0046716,4
IM0046670,4
IM0046669,4
IM0046715,4
IM0046723,4
IM0046714,4
IM0046713,3
IM0046722,4
IM0046650,4
IM0046668,4
IM0046721,4
IM0046720,4
IM0046712,3
IM0046711,3
IM0046603,5
IM0046710,4
IM0046709,5
IM0046708,4
IM0046667,3
IM0046666,4
IM0046649,4
IM0046707,5
IM0046648,5
IM0046705,4
IM0046647,3
IM0046646,4
IM0046665,5
IM0046602,4
IM0046601,4
IM0046704,4
IM0046664,3
IM0046644,3
IM0046703,4
IM0046702,3
IM0046600,4
IM0046701,4
IM0046599,5
IM0046598,4
IM0046643,5
IM0046700,4
IM0046699,3
IM0046663,3
IM0046698,4
IM0046642,4
IM0046641,5
IM0046697,4
IM0046696,4
IM0046662,5
IM0046596,4
IM0046640,4
IM0046639,3
IM0046638,3
IM0046637,2
IM0046695,4
IM0046694,5
IM0046693,2
IM0046636,5
IM0046692,3
IM0046594,4
IM0046691,4
IM0046690,4
IM0046635,5
IM0046661,4
IM0046689,3
IM0046688,3
IM0046593,4
IM0046660,5
IM0046627,4
IM0046626,4
IM0046634,4
IM0046625,4
IM0046659,4
IM0046624,4
IM0046623,3
IM0046622,5
IM0046658,3
IM0046621,5
IM0046657,3
IM0046619,4
IM0046579,4
IM0046633,4
IM0046631,5
IM0046578,3
IM0046577,5
IM0046592,4
IM0046618,4
IM0046617,4
IM0046576,4
IM0046575,4
IM0046574,4
IM0046573,5
IM0046616,3
IM0046572,4
IM0046629,4
IM0046628,4
IM0046615,4
IM0046614,4
IM0046571,5
IM0046591,5
IM0046548,3
IM0046547,4
IM0046570,3
IM0046590,5
IM0046589,5
IM0046569,4
IM0046568,3
IM0046588,5
IM0046587,5
IM0046586,5
IM0046546,5
IM0046545,3
IM0046567,3
IM0046613,3
IM0046566,4
IM0046544,3
IM0046565,3
IM0046543,4
IM0046585,5
IM0046542,4
IM0046584,4
IM0046612,5
IM0046564,5
IM0046541,4
IM0046583,5
IM0046563,4
IM0046562,4
IM0046540,4
IM0046561,4
IM0046539,4
IM0046538,4
IM0046611,5
IM0046560,5
IM0046537,3
IM0046559,4
IM0046558,4
IM0046610,3
IM0046582,4
IM0046609,5
IM0046557,4
IM0046581,4
IM0046556,4
IM0046555,4
IM0046608,5
IM0046554,4
IM0046607,4
IM0046536,5
IM0046606,4
IM0046580,4
IM0046605,4
IM0046553,4
IM0046604,5
IM0046535,4
IM0046521,5
IM0046484,4
IM0046520,4
IM0046534,5
IM0046483,4
IM0046482,5
IM0046533,4
IM0046481,3
IM0046552,3
IM0046480,4
IM0046519,4
IM0046551,5
IM0046550,4
IM0046518,2
IM0046479,3
IM0046531,5
IM0046530,4
IM0046517,5
IM0046529,3
IM0046549,5
IM0046478,3
IM0046477,3
IM0046476,5
IM0046516,4
IM0046515,5
IM0046452,4
IM0046528,5
IM0046527,4
IM0046475,4
IM0046514,4
IM0046526,5
IM0046451,3
IM0046513,3
IM0046512,4
IM0046474,5
IM0046511,3
IM0046510,5
IM0046509,5
IM0046508,4
IM0046473,4
IM0046472,4
IM0046471,3
IM0046450,4
IM0046449,4
IM0046448,5
IM0046507,4
IM0046506,4
IM0046470,3
IM0046505,4
IM0046469,5
IM0046447,5
IM0046504,5
IM0046468,4
IM0046525,4
IM0046503,4
IM0046524,3
IM0046446,4
IM0046523,4
IM0046445,4
IM0046502,5
IM0046501,4
IM0046467,3
IM0046444,5
IM0046466,4
IM0046465,4
IM0046464,4
IM0046500,5
IM0046443,3
IM0046463,4
IM0046442,3
IM0046462,4
IM0046461,4
IM0046499,4
IM0046498,2
IM0046497,3
IM0046392,4
IM0046441,5
IM0046460,4
IM0046440,4
IM0046391,4
IM0046496,3
IM0046459,5
IM0046458,4
IM0046457,4
IM0046390,5
IM0046439,4
IM0046495,5
IM0046456,2
IM0046389,5
IM0046494,5
IM0046493,4
IM0046492,4
IM0046438,3
IM0046437,5
IM0046436,4
IM0046491,4
IM0046490,5
IM0046489,4
IM0046488,4
IM0046435,4
IM0046487,3
IM0046486,4
IM0046455,3
IM0046388,5
IM0046434,4
IM0046387,5
IM0046432,4
IM0046386,5
IM0046385,4
IM0046454,4
IM0046485,3
IM0046453,3
IM0046431,3
IM0046430,3
IM0046364,4
IM0046363,5
IM0046362,4
IM0046361,4
IM0046360,4
IM0046359,4
IM0046416,5
IM0046358,5
IM0046415,4
IM0046429,4
IM0046428,4
IM0046414,5
IM0046427,5
IM0046413,4
IM0046412,4
IM0046384,3
IM0046411,5
IM0046410,4
IM0046409,4
IM0046357,5
IM0046408,3
IM0046356,4
IM0046426,3
IM0046425,3
IM0046424,5
IM0046355,4
IM0046423,4
IM0046354,4
IM0046383,3
IM0046353,3
IM0046382,3
IM0046407,4
IM0046381,5
IM0046422,3
IM0046352,5
IM0046421,5
IM0046380,4
IM0046406,5
IM0046420,4
IM0046419,4
IM0046405,3
IM0046351,4
IM0046350,4
IM0046404,4
IM0046349,5
IM0046418,4
IM0046379,4
IM0046348,4
IM0046347,4
IM0046346,4
IM0046403,4
IM0046402,4
IM0046417,4
IM0046378,5
IM0046298,4
IM0046377,4
IM0046401,4
IM0046345,4
IM0046297,4
IM0046400,5
IM0046399,4
IM0046296,4
IM0046344,5
IM0046343,3
IM0046295,5
IM0046294,4
IM0046376,4
IM0046293,5
IM0046398,3
IM0046397,4
IM0046342,5
IM0046341,4
IM0046396,4
IM0046395,4
IM0046375,3
IM0046340,5
IM0046374,3
IM0046373,3
IM0046372,3
IM0046292,4
IM0046371,3
IM0046370,4
IM0046369,4
IM0046368,4
IM0046394,4
IM0046339,4
IM0046393,4
IM0046338,4
IM0046367,4
IM0046240,4
IM0046239,4
IM0046238,4
IM0046237,4
IM0046366,4
IM0046236,4
IM0046337,5
IM0046235,4
IM0046365,3
IM0046234,4
IM0046272,4
IM0046233,4
IM0046232,5
IM0046336,4
IM0046271,4
IM0046335,4
IM0046291,4
IM0046290,5
IM0046231,4
IM0046334,3
IM0046289,4
IM0046230,5
IM0046288,5
IM0046333,4
IM0046270,4
IM0046332,5
IM0046228,4
IM0046331,5
IM0046330,4
IM0046287,4
IM0046329,4
IM0046328,4
IM0046286,4
IM0046327,3
IM0046227,4
IM0046226,4
IM0046269,5
IM0046326,4
IM0046225,4
IM0046325,4
IM0046324,4
IM0046285,5
IM0046323,4
IM0046322,5
IM0046321,4
IM0046224,4
IM0046320,4
IM0046319,4
IM0046268,5
IM0046223,4
IM0046284,4
IM0046283,4
IM0046267,4
IM0046266,4
IM0046265,5
IM0046318,4
IM0046264,4
IM0046317,5
IM0046222,3
IM0046263,4
IM0046316,3
IM0046221,4
IM0046282,4
IM0046220,4
IM0046315,4
IM0046262,5
IM0046314,4
IM0046281,4
IM0046280,4
IM0046261,5
IM0046219,2
IM0046260,4
IM0046259,5
IM0046258,5
IM0046313,4
IM0046312,4
IM0046311,4
IM0046310,4
IM0046218,4
IM0046257,4
IM0046309,5
IM0046217,4
IM0046256,4
IM0046279,4
IM0046278,4
IM0046216,3
IM0046308,4
IM0046255,5
IM0046215,5
IM0046277,4
IM0046307,4
IM0046306,5
IM0046214,4
IM0046305,4
IM0046254,4
IM0046304,4
IM0046303,4
IM0046302,3
IM0046301,4
IM0046253,4
IM0046300,4
IM0046299,5
IM0046167,5
IM0046276,5
IM0046166,3
IM0046213,4
IM0046165,4
IM0046252,4
IM0046164,4
IM0046251,5
IM0046250,4
IM0046249,3
IM0046163,4
IM0046275,5
IM0046274,5
IM0046162,4
IM0046273,5
IM0046161,4
IM0046160,4
IM0046159,4
IM0046158,4
IM0046212,3
IM0046200,4
IM0046157,4
IM0046156,4
IM0046248,4
IM0046247,5
IM0046199,4
IM0046211,4
IM0046198,4
IM0046246,5
IM0046245,4
IM0046197,4
IM0046244,4
IM0046196,5
IM0046210,5
IM0046243,5
IM0046194,4
IM0046209,5
IM0046208,5
IM0046242,4
IM0046193,4
IM0046241,5
IM0046155,4
IM0046207,5
IM0046154,4
IM0046192,5
IM0046206,4
IM0046205,3
IM0046204,5
IM0046191,5
IM0046153,4
IM0046190,4
IM0046189,3
IM0046152,4
IM0046188,5
IM0046151,4
IM0046150,4
IM0046203,5
IM0046026,4
IM0046187,4
IM0046186,4
IM0046185,4
IM0046149,5
IM0046148,5
IM0046184,4
IM0046202,4
IM0046201,4
IM0046130,5
IM0046025,3
IM0046129,4
IM0046147,5
IM0046024,5
IM0046128,5
IM0046146,5
IM0046145,5
IM0046183,5
IM0046144,5
IM0046127,5
IM0046126,5
IM0046143,5
IM0046182,5
IM0046125,5
IM0046181,5
IM0046180,5
IM0046179,5
IM0046178,5
IM0046177,5
IM0046124,5
IM0046123,5
IM0046023,5
IM0046176,5
IM0046175,5
IM0046142,5
IM0046174,5
IM0046141,4
IM0046122,4
IM0046121,4
IM0046140,4
IM0046022,4
IM0046173,5
IM0046172,5
IM0046139,4
IM0046138,5
IM0046137,5
IM0046136,4
IM0046120,5
IM0046119,4
IM0046135,4
IM0046021,5
IM0046118,4
IM0046117,5
IM0046134,4
IM0046171,4
IM0046170,4
IM0046133,4
IM0046116,4
IM0046020,4
IM0046169,4
IM0046132,4
IM0046168,5
IM0046115,5
IM0046131,5
IM0046063,5
IM0046094,5
IM0046114,4
IM0046019,4
IM0046113,4
IM0046093,5
IM0046062,4
IM0046112,5
IM0046060,4
IM0046059,4
IM0046058,3
IM0046091,4
IM0046090,4
IM0046089,5
IM0046057,4
IM0046056,4
IM0046088,4
IM0046055,4
IM0046087,5
IM0046018,5
IM0046111,4
IM0046086,4
IM0046054,3
IM0046085,5
IM0046084,5
IM0046110,3
IM0046109,5
IM0046108,4
IM0046053,3
IM0046107,5
IM0046106,4
IM0046105,5
IM0046052,4
IM0046104,5
IM0046103,5
IM0046017,4
IM0046083,4
IM0046102,4
IM0046082,4
IM0046101,5
IM0046100,5
IM0046099,5
IM0046016,5
IM0046051,3
IM0046050,4
IM0046098,3
IM0046049,4
IM0046081,5
IM0046080,3
IM0046097,4
IM0046096,4
IM0046015,4
IM0046095,5
IM0046048,5
IM0046079,5
IM0046078,4
IM0046047,3
IM0046014,3
IM0046013,3
IM0045999,4
IM0046046,4
IM0046045,4
IM0046044,5
IM0046043,4
IM0046012,3
IM0046077,4
IM0046076,3
IM0046042,4
IM0046011,3
IM0046075,4
IM0046041,4
IM0045998,3
IM0046040,4
IM0046074,4
IM0046039,5
IM0046073,4
IM0046072,3
IM0045997,4
IM0046038,5
IM0046037,4
IM0046071,4
IM0046036,4
IM0045996,5
IM0046070,4
IM0046069,4
IM0046068,5
IM0046035,4
IM0046009,4
IM0046034,4
IM0045995,5
IM0045994,4
IM0046008,4
IM0046007,4
IM0045993,4
IM0046067,4
IM0045992,5
IM0046033,4
IM0045990,4
IM0046006,4
IM0046005,5
IM0046066,5
IM0046004,5
IM0046032,3
IM0046065,5
IM0046064,5
IM0046031,4
IM0046030,3
IM0046029,4
IM0046028,4
IM0045968,4
IM0046027,4
IM0046003,5
IM0045967,4
IM0045889,4
IM0045989,4
IM0045988,4
IM0045966,4
IM0045965,5
IM0046002,5
IM0046001,4
IM0045987,2
IM0046000,4
IM0045888,4
IM0045986,4
IM0045985,4
IM0045964,5
IM0045984,4
IM0045963,4
IM0045983,3
IM0045962,5
IM0045887,5
IM0045982,4
IM0045961,5
IM0045886,4
IM0045885,4
IM0045981,4
IM0045980,5
IM0045960,5
IM0045959,4
IM0045924,4
IM0045979,5
IM0045978,4
IM0045977,3
IM0045976,3
IM0045923,4
IM0045958,5
IM0045957,4
IM0045956,3
IM0045975,3
IM0045974,4
IM0045955,3
IM0045922,5
IM0045954,5
IM0045973,4
IM0045921,3
IM0045884,4
IM0045972,4
IM0045920,5
IM0045953,3
IM0045919,3
IM0045971,5
IM0045918,4
IM0045952,5
IM0045951,4
IM0045970,3
IM0045950,5
IM0045949,4
IM0045969,4
IM0045948,3
IM0045947,4
IM0045856,4
IM0045917,3
IM0045855,4
IM0045916,3
IM0045946,2
IM0045854,5
IM0045853,4
IM0045852,4
IM0045915,4
IM0045851,4
IM0045850,3
IM0045849,4
IM0045848,4
IM0045847,4
IM0045945,4
IM0045944,5
IM0045845,3
IM0045846,4
IM0045844,3
IM0045883,4
IM0045914,4
IM0045913,4
IM0045943,4
IM0045942,3
IM0045912,4
IM0045882,4
IM0045911,3
IM0045941,3
IM0045843,4
IM0045910,4
IM0045842,3
IM0045940,5
IM0045939,4
IM0045841,4
IM0045938,4
IM0045840,5
IM0045909,4
IM0045881,4
IM0045908,3
IM0045907,5
IM0045880,4
IM0045906,4
IM0045937,4
IM0045936,4
IM0045879,4
IM0045935,4
IM0045934,4
IM0045905,5
IM0045933,4
IM0045932,4
IM0045931,3
IM0045930,4
IM0045878,4
IM0045929,4
IM0045876,4
IM0045875,4
IM0045874,4
IM0045839,3
IM0045928,4
IM0045927,5
IM0045873,5
IM0045838,4
IM0045904,4
IM0045903,4
IM0045837,3
IM0045872,4
IM0045836,4
IM0045926,3
IM0045902,3
IM0045817,5
IM0045835,4
IM0045871,5
IM0045901,4
IM0045900,4
IM0045816,3
IM0045870,4
IM0045815,4
IM0045899,4
IM0045898,5
IM0045897,3
IM0045896,4
IM0045814,3
IM0045813,5
IM0045869,4
IM0045895,5
IM0045834,5
IM0045868,4
IM0045812,3
IM0045867,3
IM0045866,4
IM0045865,5
IM0045833,4
IM0045864,4
IM0045894,4
IM0045863,3
IM0045811,4
IM0045893,3
IM0045810,4
IM0045809,3
IM0045832,4
IM0045808,4
IM0045807,5
IM0045892,3
IM0045891,3
IM0045806,3
IM0045862,5
IM0045861,4
IM0045890,4
IM0045805,4
IM0045831,4
IM0045859,3
IM0045858,5
IM0045781,4
IM0045803,5
IM0045830,5
IM0045857,5
IM0045829,3
IM0045828,4
IM0045780,4
IM0045802,4
IM0045779,5
IM0045801,4
IM0045800,5
IM0045713,5
IM0045799,4
IM0045827,4
IM0045798,3
IM0045712,3
IM0045826,5
IM0045825,5
IM0045778,4
IM0045824,4
IM0045823,5
IM0045711,4
IM0045822,4
IM0045710,4
IM0045777,5
IM0045776,4
IM0045797,4
IM0045709,4
IM0045795,4
IM0045794,5
IM0045775,4
IM0045708,4
IM0045821,4
IM0045774,4
IM0045820,5
IM0045773,5
IM0045707,4
IM0045819,4
IM0045772,4
IM0045771,4
IM0045793,4
IM0045818,3
IM0045748,5
IM0045792,4
IM0045706,3
IM0045747,5
IM0045770,4
IM0045705,4
IM0045704,4
IM0045746,5
IM0045703,5
IM0045702,5
IM0045701,4
IM0045745,5
IM0045744,5
IM0045769,5
IM0045768,4
IM0045700,4
IM0045699,5
IM0045767,4
IM0045698,5
IM0045791,4
IM0045697,4
IM0045766,4
IM0045765,5
IM0045743,5
IM0045696,3
IM0045742,4
IM0045741,4
IM0045790,4
IM0045695,5
IM0045764,5
IM0045740,5
IM0045789,3
IM0045739,5
IM0045694,5
IM0045693,5
IM0045692,5
IM0045691,3
IM0045763,3
IM0045738,3
IM0045762,3
IM0045761,3
IM0045760,5
IM0045759,4
IM0045737,3
IM0045736,3
IM0045788,3
IM0045787,4
IM0045786,4
IM0045785,4
IM0045757,4
IM0045756,4
IM0045690,3
IM0045784,5
IM0045755,2
IM0045783,3
IM0045735,4
IM0045734,5
IM0045754,3
IM0045689,5
IM0045753,4
IM0045688,5
IM0045782,5
IM0045733,4
IM0045752,4
IM0045732,4
IM0045731,3
IM0045751,3
IM0045687,4
IM0045750,3
IM0045730,4
IM0045749,5
IM0045678,3
IM0045728,4
IM0045609,3
IM0045608,3
IM0045607,3
IM0045677,4
IM0045727,3
IM0045606,4
IM0045686,5
IM0045605,3
IM0045676,4
IM0045675,3
IM0045726,3
IM0045674,5
IM0045604,3
IM0045673,3
IM0045725,3
IM0045672,3
IM0045724,5
IM0045685,4
IM0045723,5
IM0045722,3
IM0045721,3
IM0045720,3
IM0045671,3
IM0045719,3
IM0045670,4
IM0045669,4
IM0045718,3
IM0045717,3
IM0045668,3
IM0045716,4
IM0045715,5
IM0045667,5
IM0045714,5
IM0045646,4
IM0045684,4
IM0045683,3
IM0045645,4
IM0045644,4
IM0045666,3
IM0045665,4
IM0045643,4
IM0045642,5
IM0045641,3
IM0045603,4
IM0045640,5
IM0045639,3
IM0045638,4
IM0045664,5
IM0045637,2
IM0045663,4
IM0045636,4
IM0045662,2
IM0045635,4
IM0045634,5
IM0045682,4
IM0045661,3
IM0045681,4
IM0045633,4
IM0045660,5
IM0045680,4
IM0045632,3
IM0045601,5
IM0045679,5
IM0045631,3
IM0045600,5
IM0045630,3
IM0045659,4
IM0045540,4
IM0045629,3
IM0045628,4
IM0045658,4
IM0045599,5
IM0045627,5
IM0045657,4
IM0045656,5
IM0045539,5
IM0045626,5
IM0045655,3
IM0045538,5
IM0045654,4
IM0045598,3
IM0045653,3
IM0045652,4
IM0045537,5
IM0045625,4
IM0045651,5
IM0045536,4
IM0045650,4
IM0045596,4
IM0045624,5
IM0045595,4
IM0045623,4
IM0045535,5
IM0045594,4
IM0045648,4
IM0045534,4
IM0045593,5
IM0045533,4
IM0045532,4
IM0045622,4
IM0045647,4
IM0045592,5
IM0045500,4
IM0045621,4
IM0045499,2
IM0045498,5
IM0045620,4
IM0045591,4
IM0045531,5
IM0045619,4
IM0045530,4
IM0045529,4
IM0045528,5
IM0045527,4
IM0045590,4
IM0045497,4
IM0045618,4
IM0045617,4
IM0045496,5
IM0045495,4
IM0045494,4
IM0045589,4
IM0045616,3
IM0045588,5
IM0045615,3
IM0045614,5
IM0045493,5
IM0045613,3
IM0045612,4
IM0045587,3
IM0045611,3
IM0045526,4
IM0045610,4
IM0045576,5
IM0045575,4
IM0045492,4
IM0045525,4
IM0045574,3
IM0045586,4
IM0045573,4
IM0045524,3
IM0045572,4
IM0045571,4
IM0045523,5
IM0045522,5
IM0045521,4
IM0045585,5
IM0045520,5
IM0045491,4
IM0045584,4
IM0045519,5
IM0045490,4
IM0045583,5
IM0045518,2
IM0045582,4
IM0045570,4
IM0045517,3
IM0045569,3
IM0045568,4
IM0045581,5
IM0045567,4
IM0045566,5
IM0045516,4
IM0045489,4
IM0045564,5
IM0045515,4
IM0045563,4
IM0045488,4
IM0045513,5
IM0045562,5
IM0045561,5
IM0045560,4
IM0045559,4
IM0045580,5
IM0045512,4
IM0045558,5
IM0045557,4
IM0045556,5
IM0045579,4
IM0045511,4
IM0045487,5
IM0045578,5
IM0045555,4
IM0045554,4
IM0045553,4
IM0045552,5
IM0045510,4
IM0045486,5
IM0045485,5
IM0045551,4
IM0045468,5
IM0045467,4
IM0045550,3
IM0045509,5
IM0045549,4
IM0045484,3
IM0045548,4
IM0045483,4
IM0045547,3
IM0045466,4
IM0045508,4
IM0045546,5
IM0045465,5
IM0045545,3
IM0045482,3
IM0045464,3
IM0045507,5
IM0045544,4
IM0045480,2
IM0045506,4
IM0045543,5
IM0045542,4
IM0045505,4
IM0045432,4
IM0045463,4
IM0045462,5
IM0045461,4
IM0045479,4
IM0045431,3
IM0045460,5
IM0045478,4
IM0045430,4
IM0045504,4
IM0045429,4
IM0045428,4
IM0045427,4
IM0045503,4
IM0045502,3
IM0045477,4
IM0045501,4
IM0045476,3
IM0045459,4
IM0045458,5
IM0045457,4
IM0045426,5
IM0045475,5
IM0045456,4
IM0045394,4
IM0045393,4
IM0045474,4
IM0045473,3
IM0045425,5
IM0045424,5
IM0045455,5
IM0045423,3
IM0045472,5
IM0045454,4
IM0045453,4
IM0045422,4
IM0045452,4
IM0045451,5
IM0045421,5
IM0045420,5
IM0045450,4
IM0045471,5
IM0045470,3
IM0045469,4
IM0045419,5
IM0045364,3
IM0045363,5
IM0045362,4
IM0045418,4
IM0045449,4
IM0045448,5
IM0045392,5
IM0045447,3
IM0045391,5
IM0045446,4
IM0045445,4
IM0045444,4
IM0045361,4
IM0045360,4
IM0045359,4
IM0045358,4
IM0045390,3
IM0045417,4
IM0045443,4
IM0045357,5
IM0045356,4
IM0045416,4
IM0045415,4
IM0045441,4
IM0045355,3
IM0045440,5
IM0045414,4
IM0045439,4
IM0045354,4
IM0045413,4
IM0045353,3
IM0045412,5
IM0045352,5
IM0045411,4
IM0045389,4
IM0045351,4
IM0045410,3
IM0045388,3
IM0045387,4
IM0045438,4
IM0045409,5
IM0045437,4
IM0045349,5
IM0045408,2
IM0045407,4
IM0045406,5
IM0045348,4
IM0045436,3
IM0045347,4
IM0045346,3
IM0045345,5
IM0045386,4
IM0045405,2
IM0045404,3
IM0045403,4
IM0045344,4
IM0045402,4
IM0045401,3
IM0045435,5
IM0045385,5
IM0045400,5
IM0045399,4
IM0045343,4
IM0045398,5
IM0045397,4
IM0045434,4
IM0045433,4
IM0045384,5
IM0045383,5
IM0045382,4
IM0045381,4
IM0045342,4
IM0045380,5
IM0045341,4
IM0045379,5
IM0045340,4
IM0045378,4
IM0045377,5
IM0045376,4
IM0045375,3
IM0045374,5
IM0045396,4
IM0045373,4
IM0045372,4
IM0045371,4
IM0045395,4
IM0045339,4
IM0045370,4
IM0045369,4
IM0045368,5
IM0045367,5
IM0045366,4
IM0045227,4
IM0045365,5
IM0045301,4
IM0045333,4
IM0045300,3
IM0045226,4
IM0045332,3
IM0045331,5
IM0045330,5
IM0045299,4
IM0045298,3
IM0045225,4
IM0045329,5
IM0045224,4
IM0045328,4
IM0045327,4
IM0045223,4
IM0045326,4
IM0045338,4
IM0045297,4
IM0045325,4
IM0045296,4
IM0045222,4
IM0045324,4
IM0045295,4
IM0045337,5
IM0045336,4
IM0045323,4
IM0045322,4
IM0045221,5
IM0045294,4
IM0045335,4
IM0045321,4
IM0045320,4
IM0045220,4
IM0045293,4
IM0045292,5
IM0045319,4
IM0045291,4
IM0045290,4
IM0045219,4
IM0045318,5
IM0045218,4
IM0045317,5
IM0045334,5
IM0045316,4
IM0045217,3
IM0045315,4
IM0045314,4
IM0045289,3
IM0045288,4
IM0045313,3
IM0045287,4
IM0045312,4
IM0045311,4
IM0045216,5
IM0045310,3
IM0045309,4
IM0045286,4
IM0045308,5
IM0045285,3
IM0045264,4
IM0045307,3
IM0045284,4
IM0045263,4
IM0045215,5
IM0045262,4
IM0045261,4
IM0045214,3
IM0045306,4
IM0045283,5
IM0045260,4
IM0045213,5
IM0045212,4
IM0045259,5
IM0045282,4
IM0045258,4
IM0045305,4
IM0045211,5
IM0045257,4
IM0045210,5
IM0045256,4
IM0045209,5
IM0045255,4
IM0045281,5
IM0045280,4
IM0045254,4
IM0045208,4
IM0045279,5
IM0045278,4
IM0045207,4
IM0045253,4
IM0045303,4
IM0045206,4
IM0045205,4
IM0045251,4
IM0045250,4
IM0045302,3
IM0045277,5
IM0045249,4
IM0045276,5
IM0045275,3
IM0045248,4
IM0045204,3
IM0045274,3
IM0045273,3
IM0045272,4
IM0045115,4
IM0045271,5
IM0045114,4
IM0045270,5
IM0045113,4
IM0045269,5
IM0045112,5
IM0045247,4
IM0045268,4
IM0045267,5
IM0045111,4
IM0045266,5
IM0045246,4
IM0045245,4
IM0045244,4
IM0045189,3
IM0045188,4
IM0045243,4
IM0045187,5
IM0045186,5
IM0045203,4
IM0045185,3
IM0045202,4
IM0045184,5
IM0045242,5
IM0045183,3
IM0045182,4
IM0045181,3
IM0045241,4
IM0045201,5
IM0045240,4
IM0045180,4
IM0045110,5
IM0045239,4
IM0045238,4
IM0045200,4
IM0045199,5
IM0045198,3
IM0045178,4
IM0045179,4
IM0045237,5
IM0045177,3
IM0045236,5
IM0045235,4
IM0045176,4
IM0045175,2
IM0045197,4
IM0045174,4
IM0045196,4
IM0045234,4
IM0045232,3
IM0045233,3
IM0045231,4
IM0045195,5
IM0045173,4
IM0045172,4
IM0045230,5
IM0045109,4
IM0045108,5
IM0045194,4
IM0045171,3
IM0045193,4
IM0045229,4
IM0045228,4
IM0045192,4
IM0045151,4
IM0045170,4
IM0045107,4
IM0045106,4
IM0045169,4
IM0045105,4
IM0045150,4
IM0045149,4
IM0045191,5
IM0045148,4
IM0045147,5
IM0045146,4
IM0045168,5
IM0045145,4
IM0045104,4
IM0045144,4
IM0045190,4
IM0045167,5
IM0045166,2
IM0045103,3
IM0045143,4
IM0045142,4
IM0045141,3
IM0045140,4
IM0045165,5
IM0045139,4
IM0045164,5
IM0045137,5
IM0045136,5
IM0045135,3
IM0045102,4
IM0045163,5
IM0045134,5
IM0045101,4
IM0045133,5
IM0045100,4
IM0045091,5
IM0045132,4
IM0045131,4
IM0045130,3
IM0045162,5
IM0045099,5
IM0045161,4
IM0045160,4
IM0045159,4
IM0045129,4
IM0045128,4
IM0045127,4
IM0045098,4
IM0045158,4
IM0045157,4
IM0045126,4
IM0045097,4
IM0045090,4
IM0045156,4
IM0045089,4
IM0045155,4
IM0045125,4
IM0045088,5
IM0045087,4
IM0045154,4
IM0045086,4
IM0045153,3
IM0045096,4
IM0045123,4
IM0045085,4
IM0045152,4
IM0045122,5
IM0045121,4
IM0045084,5
IM0045083,4
IM0045055,4
IM0045120,4
IM0045054,5
IM0045082,4
IM0045053,3
IM0045081,4
IM0045052,5
IM0045095,4
IM0045094,4
IM0045119,5
IM0045118,5
IM0045051,5
IM0045080,5
IM0045079,5
IM0045117,4
IM0045093,4
IM0045078,5
IM0045116,4
IM0045011,5
IM0045077,4
IM0045050,4
IM0045076,5
IM0045010,4
IM0045075,4
IM0045009,4
IM0045092,4
IM0045049,5
IM0045008,4
IM0045048,4
IM0045047,4
IM0045007,4
IM0044934,4
IM0045074,5
IM0045006,4
IM0045073,4
IM0045046,4
IM0045004,4
IM0045045,4
IM0044933,4
IM0045003,4
IM0044932,3
IM0045072,3
IM0045044,5
IM0045071,5
IM0045002,4
IM0045043,5
IM0045001,5
IM0044931,4
IM0045042,5
IM0045000,4
IM0044999,4
IM0044998,4
IM0045041,5
IM0045070,4
IM0045040,4
IM0044997,3
IM0044996,5
IM0044995,4
IM0045069,4
IM0044994,4
IM0044930,4
IM0045039,3
IM0044929,5
IM0044993,4
IM0045038,4
IM0045037,4
IM0044992,4
IM0045036,4
IM0045068,4
IM0045067,5
IM0045066,4
IM0045035,5
IM0045065,3
IM0045034,4
IM0045064,4
IM0045033,4
IM0044990,4
IM0045063,5
IM0045062,5
IM0044928,4
IM0045032,4
IM0044989,4
IM0045061,4
IM0044988,4
IM0045060,4
IM0044987,4
IM0045059,3
IM0044927,5
IM0044986,4
IM0045058,4
IM0044926,5
IM0045057,5
IM0045056,4
IM0044925,3
IM0044969,4
IM0044985,4
IM0044984,5
IM0044983,4
IM0044968,5
IM0044967,4
IM0045031,5
IM0045030,4
IM0045029,4
IM0044966,4
IM0045028,4
IM0044965,4
IM0045027,4
IM0044964,4
IM0044924,5
IM0044963,4
IM0045026,3
IM0044923,4
IM0045025,4
IM0044962,4
IM0044961,4
IM0044960,4
IM0044922,4
IM0044982,5
IM0044981,4
IM0044959,4
IM0044958,4
IM0044921,5
IM0044957,4
IM0044920,4
IM0044980,3
IM0045024,4
IM0045023,4
IM0045022,4
IM0045021,4
IM0045020,4
IM0044955,4
IM0044956,3
IM0044919,4
IM0044954,4
IM0044918,4
IM0045019,4
IM0044979,4
IM0044978,4
IM0044953,4
IM0044916,4
IM0044915,5
IM0045018,5
IM0045017,4
IM0044977,4
IM0045016,5
IM0044914,4
IM0044952,4
IM0044951,5
IM0044976,4
IM0044975,3
IM0044950,4
IM0044974,4
IM0044973,4
IM0044913,3
IM0044949,4
IM0044948,5
IM0045015,5
IM0044947,4
IM0045014,5
IM0045013,4
IM0045012,3
IM0044904,5
IM0044972,4
IM0044903,4
IM0044946,4
IM0044971,3
IM0044945,4
IM0044944,5
IM0044970,3
IM0044943,4
IM0044902,4
IM0044901,5
IM0044871,3
IM0044870,4
IM0044869,5
IM0044868,4
IM0044900,5
IM0044867,5
IM0044866,4
IM0044899,4
IM0044912,5
IM0044941,4
IM0044940,4
IM0044898,4
IM0044939,3
IM0044897,4
IM0044865,3
IM0044864,4
IM0044896,4
IM0044938,4
IM0044863,3
IM0044895,5
IM0044937,4
IM0044862,4
IM0044894,4
IM0044911,4
IM0044910,4
IM0044909,3
IM0044936,3
IM0044935,4
IM0044908,4
IM0044907,4
IM0044861,4
IM0044906,4
IM0044836,4
IM0044835,5
IM0044893,4
IM0044905,4
IM0044860,4
IM0044892,5
IM0044891,5
IM0044859,4
IM0044834,4
IM0044833,4
IM0044858,4
IM0044857,4
IM0044856,5
IM0044754,4
IM0044855,5
IM0044832,4
IM0044854,5
IM0044853,5
IM0044753,4
IM0044831,4
IM0044752,3
IM0044890,5
IM0044889,4
IM0044852,4
IM0044888,4
IM0044830,4
IM0044751,3
IM0044851,5
IM0044887,5
IM0044850,4
IM0044886,4
IM0044829,4
IM0044750,4
IM0044828,4
IM0044885,4
IM0044827,5
IM0044849,4
IM0044826,5
IM0044884,4
IM0044825,5
IM0044848,4
IM0044883,4
IM0044882,3
IM0044847,4
IM0044881,4
IM0044880,3
IM0044846,5
IM0044879,5
IM0044824,4
IM0044878,4
IM0044845,5
IM0044877,5
IM0044876,3
IM0044875,4
IM0044844,5
IM0044843,4
IM0044841,5
IM0044874,3
IM0044840,3
IM0044872,4
IM0044793,3
IM0044792,3
IM0044839,3
IM0044791,4
IM0044749,4
IM0044823,3
IM0044748,3
IM0044822,5
IM0044821,4
IM0044790,3
IM0044820,4
IM0044789,3
IM0044747,4
IM0044788,5
IM0044838,4
IM0044787,4
IM0044819,5
IM0044746,5
IM0044837,5
IM0044725,4
IM0044724,5
IM0044786,5
IM0044818,4
IM0044723,4
IM0044722,5
IM0044745,4
IM0044744,5
IM0044785,4
IM0044784,5
IM0044721,4
IM0044720,4
IM0044817,4
IM0044816,5
IM0044783,5
IM0044782,4
IM0044815,5
IM0044781,5
IM0044780,4
IM0044719,3
IM0044779,4
IM0044718,3
IM0044778,4
IM0044814,4
IM0044717,4
IM0044813,4
IM0044777,4
IM0044743,4
IM0044716,4
IM0044715,4
IM0044776,5
IM0044714,4
IM0044775,4
IM0044812,5
IM0044774,4
IM0044811,4
IM0044773,4
IM0044713,4
IM0044772,5
IM0044810,4
IM0044771,5
IM0044742,3
IM0044741,4
IM0044809,4
IM0044712,4
IM0044711,4
IM0044808,4
IM0044807,5
IM0044806,5
IM0044769,5
IM0044805,5
IM0044804,3
IM0044803,4
IM0044768,5
IM0044802,4
IM0044710,5
IM0044767,5
IM0044801,4
IM0044800,4
IM0044766,4
IM0044765,5
IM0044764,4
IM0044739,4
IM0044709,4
IM0044708,4
IM0044738,4
IM0044799,5
IM0044763,5
IM0044798,4
IM0044737,4
IM0044707,5
IM0044797,4
IM0044796,5
IM0044795,4
IM0044706,4
IM0044736,5
IM0044762,5
IM0044705,4
IM0044761,5
IM0044735,5
IM0044734,4
IM0044760,3
IM0044704,4
IM0044759,4
IM0044794,5
IM0044652,4
IM0044758,5
IM0044651,3
IM0044757,4
IM0044650,4
IM0044703,4
IM0044756,5
IM0044755,4
IM0044687,4
IM0044649,4
IM0044702,5
IM0044686,3
IM0044701,5
IM0044733,4
IM0044700,4
IM0044648,4
IM0044647,4
IM0044732,4
IM0044699,4
IM0044685,4
IM0044684,3
IM0044683,5
IM0044682,3
IM0044698,5
IM0044681,3
IM0044697,4
IM0044730,3
IM0044696,5
IM0044729,4
IM0044646,3
IM0044645,5
IM0044728,5
IM0044695,4
IM0044727,4
IM0044726,3
IM0044694,4
IM0044644,5
IM0044610,2
IM0044643,4
IM0044609,5
IM0044608,3
IM0044642,5
IM0044607,3
IM0044693,5
IM0044692,5
IM0044641,2
IM0044691,2
IM0044606,4
IM0044605,4
IM0044640,5
IM0044604,4
IM0044680,4
IM0044679,4
IM0044639,4
IM0044690,4
IM0044638,5
IM0044603,4
IM0044689,5
IM0044602,3
IM0044601,4
IM0044600,5
IM0044599,4
IM0044678,4
IM0044677,4
IM0044637,3
IM0044688,5
IM0044574,4
IM0044676,4
IM0044636,4
IM0044635,4
IM0044598,4
IM0044597,4
IM0044596,5
IM0044573,4
IM0044675,4
IM0044572,4
IM0044674,5
IM0044673,5
IM0044595,4
IM0044594,4
IM0044571,4
IM0044672,4
IM0044671,4
IM0044670,5
IM0044669,4
IM0044634,4
IM0044668,5
IM0044570,3
IM0044667,3
IM0044666,5
IM0044633,5
IM0044593,3
IM0044665,3
IM0044592,5
IM0044569,4
IM0044664,3
IM0044663,5
IM0044662,4
IM0044632,5
IM0044591,5
IM0044661,3
IM0044568,4
IM0044631,3
IM0044660,5
IM0044659,5
IM0044658,4
IM0044657,3
IM0044656,5
IM0044655,3
IM0044630,3
IM0044590,5
IM0044589,5
IM0044567,5
IM0044629,4
IM0044654,5
IM0044628,4
IM0044653,5
IM0044566,3
IM0044627,4
IM0044542,4
IM0044626,5
IM0044541,3
IM0044625,4
IM0044540,4
IM0044565,4
IM0044539,5
IM0044624,4
IM0044588,5
IM0044564,5
IM0044623,4
IM0044587,4
IM0044538,4
IM0044622,4
IM0044621,4
IM0044620,5
IM0044537,3
IM0044536,3
IM0044535,5
IM0044534,4
IM0044563,4
IM0044586,4
IM0044619,5
IM0044533,4
IM0044562,5
IM0044618,5
IM0044585,4
IM0044532,5
IM0044583,4
IM0044531,5
IM0044530,5
IM0044560,4
IM0044529,4
IM0044528,5
IM0044527,5
IM0044617,5
IM0044616,4
IM0044526,4
IM0044615,5
IM0044559,4
IM0044525,4
IM0044614,4
IM0044613,4
IM0044612,4
IM0044524,5
IM0044523,4
IM0044611,4
IM0044522,4
IM0044463,4
IM0044582,4
IM0044558,5
IM0044462,4
IM0044557,4
IM0044521,5
IM0044556,4
IM0044581,4
IM0044461,4
IM0044580,4
IM0044520,5
IM0044519,4
IM0044518,5
IM0044460,4
IM0044517,4
IM0044555,5
IM0044516,5
IM0044515,4
IM0044554,5
IM0044579,4
IM0044553,4
IM0044459,4
IM0044578,4
IM0044457,4
IM0044456,5
IM0044455,4
IM0044552,4
IM0044514,5
IM0044577,5
IM0044576,5
IM0044454,5
IM0044453,5
IM0044575,4
IM0044513,5
IM0044452,5
IM0044503,5
IM0044502,4
IM0044501,4
IM0044551,4
IM0044451,4
IM0044450,4
IM0044500,4
IM0044449,4
IM0044448,4
IM0044499,4
IM0044550,4
IM0044498,4
IM0044447,4
IM0044497,3
IM0044512,3
IM0044511,4
IM0044549,4
IM0044510,4
IM0044548,3
IM0044446,4
IM0044445,4
IM0044547,4
IM0044546,3
IM0044496,3
IM0044509,5
IM0044495,5
IM0044545,4
IM0044544,3
IM0044543,3
IM0044430,5
IM0044429,5
IM0044508,3
IM0044494,3
IM0044444,4
IM0044507,3
IM0044443,4
IM0044493,3
IM0044442,3
IM0044428,5
IM0044427,5
IM0044506,5
IM0044426,5
IM0044425,5
IM0044424,5
IM0044423,5
IM0044441,5
IM0044505,5
IM0044492,4
IM0044504,5
IM0044491,3
IM0044440,4
IM0044439,4
IM0044490,5
IM0044391,3
IM0044422,2
IM0044390,4
IM0044389,4
IM0044438,5
IM0044421,4
IM0044388,5
IM0044489,5
IM0044420,4
IM0044488,4
IM0044487,4
IM0044419,4
IM0044486,3
IM0044437,5
IM0044485,4
IM0044436,4
IM0044418,5
IM0044435,4
IM0044387,5
IM0044484,4
IM0044417,5
IM0044434,5
IM0044483,3
IM0044482,3
IM0044416,4
IM0044481,4
IM0044415,4
IM0044414,4
IM0044480,5
IM0044386,5
IM0044479,5
IM0044413,3
IM0044478,4
IM0044433,4
IM0044477,4
IM0044385,5
IM0044432,3
IM0044384,5
IM0044476,5
IM0044383,4
IM0044382,5
IM0044475,5
IM0044474,5
IM0044473,4
IM0044472,5
IM0044381,4
IM0044471,4
IM0044470,5
IM0044469,5
IM0044468,5
IM0044467,5
IM0044466,5
IM0044465,4
IM0044464,4
IM0044380,5
IM0044431,4
IM0044324,3
IM0044323,5
IM0044412,4
IM0044411,4
IM0044287,4
IM0044379,5
IM0044410,4
IM0044322,4
IM0044378,4
IM0044377,5
IM0044286,5
IM0044376,5
IM0044409,4
IM0044408,4
IM0044407,4
IM0044406,4
IM0044405,4
IM0044320,5
IM0044375,4
IM0044319,3
IM0044285,5
IM0044284,4
IM0044404,4
IM0044403,4
IM0044283,4
IM0044402,4
IM0044374,5
IM0044282,4
IM0044281,4
IM0044280,3
IM0044318,4
IM0044401,4
IM0044317,4
IM0044373,5
IM0044400,4
IM0044316,4
IM0044372,4
IM0044315,4
IM0044371,5
IM0044314,5
IM0044370,5
IM0044313,4
IM0044398,4
IM0044279,3
IM0044312,5
IM0044369,5
IM0044311,4
IM0044396,5
IM0044395,5
IM0044310,4
IM0044368,4
IM0044394,4
IM0044309,4
IM0044278,5
IM0044277,5
IM0044276,4
IM0044367,3
IM0044366,3
IM0044393,4
IM0044275,4
IM0044274,4
IM0044392,4
IM0044273,5
IM0044308,5
IM0044272,4
IM0044356,4
IM0044365,4
IM0044364,5
IM0044355,5
IM0044363,5
IM0044354,5
IM0044353,4
IM0044352,4
IM0044271,5
IM0044362,4
IM0044351,3
IM0044350,5
IM0044270,4
IM0044307,5
IM0044361,5
IM0044360,3
IM0044306,3
IM0044269,4
IM0044359,3
IM0044349,3
IM0044348,4
IM0044305,4
IM0044268,4
IM0044358,4
IM0044267,4
IM0044347,4
IM0044357,5
IM0044346,4
IM0044345,5
IM0044266,4
IM0044344,5
IM0044343,4
IM0044304,5
IM0044249,4
IM0044342,4
IM0044303,5
IM0044265,5
IM0044264,5
IM0044263,3
IM0044302,5
IM0044248,3
IM0044247,3
IM0044301,4
IM0044262,3
IM0044246,5
IM0044245,4
IM0044300,5
IM0044341,5
IM0044340,5
IM0044299,5
IM0044339,3
IM0044338,4
IM0044244,5
IM0044337,3
IM0044261,5
IM0044336,4
IM0044243,5
IM0044242,5
IM0044260,4
IM0044335,4
IM0044241,3
IM0044259,4
IM0044240,5
IM0044239,3
IM0044238,4
IM0044298,4
IM0044297,5
IM0044258,4
IM0044237,5
IM0044334,4
IM0044296,4
IM0044333,5
IM0044332,5
IM0044236,5
IM0044331,4
IM0044295,5
IM0044235,4
IM0044233,4
IM0044330,4
IM0044257,4
IM0044329,4
IM0044256,4
IM0044328,3
IM0044232,5
IM0044327,4
IM0044326,4
IM0044231,5
IM0044230,3
IM0044255,3
IM0044294,4
IM0044325,3
IM0044293,4
IM0044292,5
IM0044216,4
IM0044215,5
IM0044253,5
IM0044254,3
IM0044291,5
IM0044229,3
IM0044290,4
IM0044289,4
IM0044214,4
IM0044213,5
IM0044228,5
IM0044288,4
IM0044227,4
IM0044252,4
IM0044212,4
IM0044211,3
IM0044210,4
IM0044184,4
IM0044209,4
IM0044183,3
IM0044226,4
IM0044208,4
IM0044251,3
IM0044207,4
IM0044225,4
IM0044182,5
IM0044250,5
IM0044206,5
IM0044114,4
IM0044205,5
IM0044204,4
IM0044224,5
IM0044181,4
IM0044203,4
IM0044202,5
IM0044201,3
IM0044180,4
IM0044200,3
IM0044113,4
IM0044199,4
IM0044198,5
IM0044197,4
IM0044179,5
IM0044112,4
IM0044222,5
IM0044178,4
IM0044177,4
IM0044221,4
IM0044220,5
IM0044196,3
IM0044176,5
IM0044195,5
IM0044175,5
IM0044194,5
IM0044193,4
IM0044111,4
IM0044174,5
IM0044219,4
IM0044218,3
IM0044173,5
IM0044110,4
IM0044172,5
IM0044171,3
IM0044170,3
IM0044169,4
IM0044168,5
IM0044192,4
IM0044167,4
IM0044166,4
IM0044217,4
IM0044191,4
IM0044190,4
IM0044164,3
IM0044163,3
IM0044189,4
IM0044145,5
IM0044162,4
IM0044144,3
IM0044188,3
IM0044109,3
IM0044187,4
IM0044108,4
IM0044186,4
IM0044161,4
IM0044185,4
IM0044107,3
IM0044160,4
IM0044106,5
IM0044143,3
IM0044142,3
IM0044159,5
IM0044141,4
IM0044158,5
IM0044105,4
IM0044157,4
IM0044140,4
IM0044156,5
IM0044155,4
IM0044139,5
IM0044154,4
IM0044029,4
IM0044138,3
IM0044153,4
IM0044152,5
IM0044104,5
IM0044103,4
IM0044102,4
IM0044137,5
IM0044136,4
IM0044101,4
IM0044028,5
IM0044100,4
IM0044151,4
IM0044150,5
IM0044149,4
IM0044135,3
IM0044134,4
IM0044027,4
IM0044099,5
IM0044133,3
IM0044132,5
IM0044098,5
IM0044147,4
IM0044026,4
IM0044097,5
IM0044025,5
IM0044146,4
IM0044096,4
IM0044095,5
IM0044072,5
IM0044024,5
IM0044094,4
IM0044071,5
IM0044130,4
IM0044070,4
IM0044129,5
IM0044128,4
IM0044093,4
IM0044092,4
IM0044023,3
IM0044127,4
IM0044126,3
IM0044022,4
IM0044069,3
IM0044091,3
IM0044068,4
IM0044067,5
IM0044066,3
IM0044065,5
IM0044021,3
IM0044064,4
IM0044125,5
IM0044124,5
IM0044063,4
IM0044062,5
IM0044090,4
IM0044123,3
IM0044122,4
IM0044061,5
IM0044020,4
IM0044060,5
IM0044089,5
IM0044059,3
IM0044058,5
IM0044088,4
IM0044087,4
IM0044019,3
IM0044121,4
IM0044120,4
IM0044086,4
IM0044119,4
IM0044018,3
IM0044085,4
IM0044057,5
IM0044084,3
IM0044083,5
IM0044118,3
IM0044117,4
IM0044056,4
IM0044082,4
IM0044055,4
IM0044054,5
IM0044017,5
IM0044116,4
IM0044016,5
IM0044081,5
IM0044053,5
IM0044115,4
IM0044015,4
IM0044080,4
IM0044014,4
IM0044052,3
IM0044051,5
IM0044079,4
IM0044050,4
IM0044049,5
IM0044048,5
IM0044013,4
IM0044012,4
IM0044011,5
IM0044010,3
IM0044001,4
IM0044078,4
IM0044046,3
IM0044045,3
IM0044044,3
IM0044043,3
IM0044077,5
IM0044076,4
IM0044042,4
IM0044041,5
IM0044009,5
IM0044040,5
IM0044000,3
IM0044008,4
IM0044007,4
IM0044075,4
IM0043999,4
IM0044039,3
IM0043998,4
IM0044038,3
IM0044074,5
IM0043996,4
IM0044037,4
IM0044006,5
IM0043995,4
IM0043994,3
IM0044036,4
IM0044035,5
IM0043993,3
IM0043992,3
IM0044034,4
IM0044033,5
IM0043991,4
IM0044073,4
IM0044032,5
IM0044005,4
IM0044031,4
IM0043990,4
IM0044030,4
IM0043894,4
IM0043962,3
IM0044004,3
IM0043893,3
IM0043961,4
IM0043892,3
IM0043989,3
IM0043960,5
IM0044003,4
IM0044002,4
IM0043988,3
IM0043959,3
IM0043958,4
IM0043957,4
IM0043924,4
IM0043923,4
IM0043987,4
IM0043921,4
IM0043920,4
IM0043919,3
IM0043891,4
IM0043918,4
IM0043985,4
IM0043917,5
IM0043984,5
IM0043956,4
IM0043890,5
IM0043916,5
IM0043889,5
IM0043983,3
IM0043982,4
IM0043915,4
IM0043955,4
IM0043981,4
IM0043980,4
IM0043954,5
IM0043888,4
IM0043953,4
IM0043952,5
IM0043914,5
IM0043979,3
IM0043978,4
IM0043951,5
IM0043977,3
IM0043976,4
IM0043913,5
IM0043950,4
IM0043975,5
IM0043948,2
IM0043912,4
IM0043974,5
IM0043947,5
IM0043973,5
IM0043972,3
IM0043971,4
IM0043946,3
IM0043970,5
IM0043969,3
IM0043968,4
IM0043967,3
IM0043945,5
IM0043911,5
IM0043944,4
IM0043966,4
IM0043943,4
IM0043942,4
IM0043940,4
IM0043887,4
IM0043965,4
IM0043886,4
IM0043939,4
IM0043938,4
IM0043964,5
IM0043963,5
IM0043822,5
IM0043937,4
IM0043885,5
IM0043884,4
IM0043821,5
IM0043820,3
IM0043936,4
IM0043819,3
IM0043910,5
IM0043935,5
IM0043817,4
IM0043934,3
IM0043909,5
IM0043883,4
IM0043933,5
IM0043882,5
IM0043932,3
IM0043881,4
IM0043880,5
IM0043908,4
IM0043816,4
IM0043879,3
IM0043931,5
IM0043815,5
IM0043907,4
IM0043930,3
IM0043929,3
IM0043878,4
IM0043906,5
IM0043877,5
IM0043905,5
IM0043814,4
IM0043928,5
IM0043904,5
IM0043903,4
IM0043902,3
IM0043876,4
IM0043901,3
IM0043927,5
IM0043926,3
IM0043813,5
IM0043812,5
IM0043900,3
IM0043899,5
IM0043925,4
IM0043811,4
IM0043780,4
IM0043875,5
IM0043874,5
IM0043873,3
IM0043898,4
IM0043872,5
IM0043779,4
IM0043810,5
IM0043778,4
IM0043897,4
IM0043896,5
IM0043871,5
IM0043809,4
IM0043777,4
IM0043776,4
IM0043775,5
IM0043870,4
IM0043869,3
IM0043808,5
IM0043868,5
IM0043895,3
IM0043748,4
IM0043807,4
IM0043774,3
IM0043867,5
IM0043806,3
IM0043773,3
IM0043805,4
IM0043772,4
IM0043771,3
IM0043804,5
IM0043803,4
IM0043802,3
IM0043747,5
IM0043770,4
IM0043866,3
IM0043801,4
IM0043865,3
IM0043864,3
IM0043863,5
IM0043862,4
IM0043746,5
IM0043769,4
IM0043745,4
IM0043861,4
IM0043744,4
IM0043743,4
IM0043860,4
IM0043859,4
IM0043800,4
IM0043858,5
IM0043857,3
IM0043856,5
IM0043799,4
IM0043855,4
IM0043854,4
IM0043853,5
IM0043742,5
IM0043768,4
IM0043798,5
IM0043852,4
IM0043741,4
IM0043851,4
IM0043767,5
IM0043850,4
IM0043849,4
IM0043797,3
IM0043740,4
IM0043739,3
IM0043766,3
IM0043796,3
IM0043765,5
IM0043795,4
IM0043848,4
IM0043794,4
IM0043793,4
IM0043847,4
IM0043738,4
IM0043846,4
IM0043792,4
IM0043737,3
IM0043764,4
IM0043845,3
IM0043844,4
IM0043843,5
IM0043842,5
IM0043736,5
IM0043841,4
IM0043791,5
IM0043840,4
IM0043839,5
IM0043763,4
IM0043762,5
IM0043838,4
IM0043761,3
IM0043790,4
IM0043760,4
IM0043735,2
IM0043734,4
IM0043759,5
IM0043789,4
IM0043733,5
IM0043758,4
IM0043757,4
IM0043837,5
IM0043756,4
IM0043788,4
IM0043836,4
IM0043835,3
IM0043732,4
IM0043755,4
IM0043834,5
IM0043833,5
IM0043731,5
IM0043831,5
IM0043830,4
IM0043829,4
IM0043828,5
IM0043730,4
IM0043729,5
IM0043787,4
IM0043827,4
IM0043826,5
IM0043825,3
IM0043786,4
IM0043824,4
IM0043728,5
IM0043785,3
IM0043823,5
IM0043754,3
IM0043723,4
IM0043722,5
IM0043784,4
IM0043783,5
IM0043782,3
IM0043727,2
IM0043781,5
IM0043753,4
IM0043721,4
IM0043720,3
IM0043719,3
IM0043718,3
IM0043605,5
IM0043604,4
IM0043752,4
IM0043603,4
IM0043751,4
IM0043717,4
IM0043716,5
IM0043715,5
IM0043750,4
IM0043602,4
IM0043749,4
IM0043714,4
IM0043601,4
IM0043713,4
IM0043726,5
IM0043685,4
IM0043600,5
IM0043599,4
IM0043725,5
IM0043684,4
IM0043724,3
IM0043712,4
IM0043711,5
IM0043598,4
IM0043650,5
IM0043710,3
IM0043597,4
IM0043649,5
IM0043709,4
IM0043708,5
IM0043596,4
IM0043648,5
IM0043707,4
IM0043595,5
IM0043594,5
IM0043593,5
IM0043706,4
IM0043683,3
IM0043647,4
IM0043704,3
IM0043646,4
IM0043645,5
IM0043703,5
IM0043644,4
IM0043702,5
IM0043701,5
IM0043682,4
IM0043700,5
IM0043643,3
IM0043592,5
IM0043681,5
IM0043680,4
IM0043591,4
IM0043642,5
IM0043590,4
IM0043679,4
IM0043589,4
IM0043588,4
IM0043678,4
IM0043677,4
IM0043676,4
IM0043675,3
IM0043699,5
IM0043698,4
IM0043640,5
IM0043587,3
IM0043639,4
IM0043674,4
IM0043638,4
IM0043586,4
IM0043637,4
IM0043585,3
IM0043673,5
IM0043636,4
IM0043672,5
IM0043635,4
IM0043697,4
IM0043584,5
IM0043696,5
IM0043634,5
IM0043671,5
IM0043633,4
IM0043670,4
IM0043632,3
IM0043630,3
IM0043631,5
IM0043629,3
IM0043628,3
IM0043669,5
IM0043583,4
IM0043694,5
IM0043582,4
IM0043693,4
IM0043692,5
IM0043668,4
IM0043627,3
IM0043581,5
IM0043667,4
IM0043580,4
IM0043666,4
IM0043579,3
IM0043626,3
IM0043691,5
IM0043625,3
IM0043665,5
IM0043690,5
IM0043689,5
IM0043688,4
IM0043664,4
IM0043663,4
IM0043662,4
IM0043578,4
IM0043661,4
IM0043660,5
IM0043659,4
IM0043577,4
IM0043658,3
IM0043576,5
IM0043686,4
IM0043575,4
IM0043624,4
IM0043657,5
IM0043561,4
IM0043560,5
IM0043656,5
IM0043655,4
IM0043654,4
IM0043559,5
IM0043623,5
IM0043622,5
IM0043621,4
IM0043558,3
IM0043574,5
IM0043620,4
IM0043653,5
IM0043652,4
IM0043573,4
IM0043619,4
IM0043651,4
IM0043572,4
IM0043490,4
IM0043618,4
IM0043557,4
IM0043571,4
IM0043570,4
IM0043617,5
IM0043616,4
IM0043556,4
IM0043615,3
IM0043555,4
IM0043614,2
IM0043569,5
IM0043554,4
IM0043613,5
IM0043553,4
IM0043568,4
IM0043489,2
IM0043488,3
IM0043612,3
IM0043552,4
IM0043551,4
IM0043611,5
IM0043567,5
IM0043487,4
IM0043486,3
IM0043550,5
IM0043549,4
IM0043485,5
IM0043548,3
IM0043566,5
IM0043610,5
IM0043484,3
IM0043565,5
IM0043547,5
IM0043483,3
IM0043564,5
IM0043608,3
IM0043607,4
IM0043606,5
IM0043563,5
IM0043482,5
IM0043519,4
IM0043454,5
IM0043518,3
IM0043481,3
IM0043480,5
IM0043517,4
IM0043546,2
IM0043453,5
IM0043516,5
IM0043515,5
IM0043545,5
IM0043514,5
IM0043544,5
IM0043513,5
IM0043452,5
IM0043512,4
IM0043511,4
IM0043479,3
IM0043510,5
IM0043451,3
IM0043478,4
IM0043450,5
IM0043477,4
IM0043543,3
IM0043542,5
IM0043509,4
IM0043476,4
IM0043475,4
IM0043449,4
IM0043508,3
IM0043541,5
IM0043507,5
IM0043506,5
IM0043505,5
IM0043540,5
IM0043539,4
IM0043448,4
IM0043447,4
IM0043538,3
IM0043504,3
IM0043474,4
IM0043473,3
IM0043472,4
IM0043446,4
IM0043503,5
IM0043537,5
IM0043536,4
IM0043535,5
IM0043502,4
IM0043501,4
IM0043471,5
IM0043500,5
IM0043534,2
IM0043445,5
IM0043533,5
IM0043444,3
IM0043443,5
IM0043532,4
IM0043531,4
IM0043470,3
IM0043530,4
IM0043469,4
IM0043468,5
IM0043529,5
IM0043499,5
IM0043528,4
IM0043442,5
IM0043467,5
IM0043466,5
IM0043527,4
IM0043498,4
IM0043525,5
IM0043524,4
IM0043497,3
IM0043465,5
IM0043523,5
IM0043441,3
IM0043496,4
IM0043464,3
IM0043495,3
IM0043440,3
IM0043522,2
IM0043521,4
IM0043494,4
IM0043520,4
IM0043463,4
IM0043462,5
IM0043439,5
IM0043427,4
IM0043461,4
IM0043438,4
IM0043425,5
IM0043424,4
IM0043460,5
IM0043423,4
IM0043437,4
IM0043493,5
IM0043422,5
IM0043421,5
IM0043459,3
IM0043492,5
IM0043420,5
IM0043419,4
IM0043418,4
IM0043491,4
IM0043417,4
IM0043458,5
IM0043302,4
IM0043416,5
IM0043301,4
IM0043457,4
IM0043456,5
IM0043415,4
IM0043436,4
IM0043300,5
IM0043414,4
IM0043299,5
IM0043455,4
IM0043345,5
IM0043413,3
IM0043298,4
IM0043435,4
IM0043412,3
IM0043344,4
IM0043434,5
IM0043433,4
IM0043411,3
IM0043410,4
IM0043297,5
IM0043409,5
IM0043296,4
IM0043408,5
IM0043343,4
IM0043432,5
IM0043407,3
IM0043406,4
IM0043342,5
IM0043405,5
IM0043404,4
IM0043431,3
IM0043295,4
IM0043403,4
IM0043402,4
IM0043430,4
IM0043429,5
IM0043428,4
IM0043258,2
IM0043257,5
IM0043341,4
IM0043340,4
IM0043339,5
IM0043401,4
IM0043338,4
IM0043400,5
IM0043294,4
IM0043337,5
IM0043336,4
IM0043293,5
IM0043292,4
IM0043291,4
IM0043399,3
IM0043290,5
IM0043335,4
IM0043398,5
IM0043397,3
IM0043396,4
IM0043289,4
IM0043334,5
IM0043288,4
IM0043395,5
IM0043394,5
IM0043287,4
IM0043333,5
IM0043256,4
IM0043393,5
IM0043332,4
IM0043392,5
IM0043391,5
IM0043255,4
IM0043331,4
IM0043254,3
IM0043286,4
IM0043285,4
IM0043284,5
IM0043390,5
IM0043283,5
IM0043329,4
IM0043253,4
IM0043328,4
IM0043389,5
IM0043327,5
IM0043252,4
IM0043282,4
IM0043326,4
IM0043325,5
IM0043388,4
IM0043250,3
IM0043249,2
IM0043387,5
IM0043324,5
IM0043323,4
IM0043386,4
IM0043385,3
IM0043322,4
IM0043281,4
IM0043321,4
IM0043384,3
IM0043248,3
IM0043320,4
IM0043319,4
IM0043383,3
IM0043247,4
IM0043318,3
IM0043382,5
IM0043381,4
IM0043280,5
IM0043380,4
IM0043379,4
IM0043378,4
IM0043377,4
IM0043317,4
IM0043376,4
IM0043279,4
IM0043278,4
IM0043246,4
IM0043245,4
IM0043375,4
IM0043315,3
IM0043244,4
IM0043374,5
IM0043314,4
IM0043277,4
IM0043313,4
IM0043243,5
IM0043276,4
IM0043373,4
IM0043275,5
IM0043372,4
IM0043242,5
IM0043312,3
IM0043274,4
IM0043273,3
IM0043241,4
IM0043371,4
IM0043240,3
IM0043272,4
IM0043370,5
IM0043369,5
IM0043311,3
IM0043368,5
IM0043239,4
IM0043271,3
IM0043367,4
IM0043366,4
IM0043365,4
IM0043310,4
IM0043364,4
IM0043270,5
IM0043363,4
IM0043238,4
IM0043237,3
IM0043362,4
IM0043236,5
IM0043269,4
IM0043309,5
IM0043235,4
IM0043361,4
IM0043360,5
IM0043359,4
IM0043234,3
IM0043233,2
IM0043358,5
IM0043232,3
IM0043231,4
IM0043268,5
IM0043230,4
IM0043357,5
IM0043229,4
IM0043356,4
IM0043267,5
IM0043266,5
IM0043355,3
IM0043354,4
IM0043228,5
IM0043265,3
IM0043353,3
IM0043352,3
IM0043227,2
IM0043226,5
IM0043264,4
IM0043350,4
IM0043263,5
IM0043349,5
IM0043308,3
IM0043225,5
IM0043307,4
IM0043262,4
IM0043261,5
IM0043348,3
IM0043347,3
IM0043346,3
IM0043306,3
IM0043260,3
IM0043135,2
IM0043224,5
IM0043305,5
IM0043304,3
IM0043303,3
IM0043259,5
IM0043177,5
IM0043134,5
IM0043219,4
IM0043176,3
IM0043223,4
IM0043133,5
IM0043222,5
IM0043218,4
IM0043217,5
IM0043216,5
IM0043221,3
IM0043215,5
IM0043214,5
IM0043213,5
IM0043132,3
IM0043131,5
IM0043130,4
IM0043212,4
IM0043220,4
IM0043129,4
IM0043211,4
IM0043175,3
IM0043174,5
IM0043128,5
IM0043173,4
IM0043210,3
IM0043209,3
IM0043127,5
IM0043172,4
IM0043170,4
IM0043171,5
IM0043208,4
IM0043207,4
IM0043169,4
IM0043206,3
IM0043205,5
IM0043126,4
IM0043095,4
IM0043168,4
IM0043094,4
IM0043167,4
IM0043093,4
IM0043204,4
IM0043166,4
IM0043203,5
IM0043125,4
IM0043165,5
IM0043164,5
IM0043202,5
IM0043201,4
IM0043200,4
IM0043092,4
IM0043199,4
IM0043163,4
IM0043162,4
IM0043198,5
IM0043091,4
IM0043090,4
IM0043197,5
IM0043196,4
IM0043089,4
IM0043195,5
IM0043088,4
IM0043161,3
IM0043124,4
IM0043087,4
IM0043086,5
IM0043160,5
IM0043085,4
IM0043159,4
IM0043158,5
IM0043194,5
IM0043157,5
IM0043123,5
IM0043156,4
IM0043155,3
IM0043193,5
IM0043192,5
IM0043154,5
IM0043153,5
IM0043152,4
IM0043084,4
IM0043151,5
IM0043083,3
IM0043122,5
IM0043121,5
IM0043191,4
IM0043190,4
IM0043150,4
IM0043189,4
IM0043149,4
IM0043082,4
IM0043081,4
IM0043188,4
IM0043148,4
IM0043120,4
IM0043119,4
IM0043187,4
IM0043147,5
IM0043118,4
IM0043117,4
IM0043146,5
IM0043116,3
IM0043145,4
IM0043144,4
IM0043185,5
IM0043080,3
IM0043115,5
IM0043114,3
IM0043184,5
IM0043183,4
IM0043143,4
IM0043079,3
IM0043113,4
IM0043112,5
IM0043142,5
IM0043078,5
IM0043077,5
IM0043141,4
IM0043182,5
IM0043181,4
IM0043180,5
IM0043111,4
IM0043110,4
IM0043109,5
IM0043076,5
IM0043140,4
IM0043179,3
IM0043075,3
IM0043108,5
IM0043107,4
IM0043106,4
IM0043139,4
IM0043178,4
IM0043061,5
IM0043105,4
IM0043074,4
IM0043104,5
IM0043060,2
IM0043138,5
IM0043137,5
IM0043059,3
IM0043136,5
IM0043103,3
IM0043102,3
IM0043020,3
IM0043101,5
IM0043019,3
IM0043058,5
IM0043018,5
IM0043017,5
IM0043100,4
IM0043016,5
IM0043099,3
IM0043015,4
IM0043098,3
IM0043073,5
IM0043014,5
IM0043097,5
IM0043013,2
IM0043072,4
IM0043012,5
IM0043096,3
IM0042983,3
IM0043057,4
IM0043056,3
IM0043055,3
IM0043054,4
IM0042982,5
IM0043053,2
IM0043011,4
IM0043052,4
IM0043071,5
IM0043051,4
IM0042981,4
IM0042980,5
IM0043010,4
IM0042979,2
IM0043050,4
IM0043049,4
IM0043048,5
IM0043047,4
IM0042978,3
IM0043070,5
IM0043046,4
IM0043045,3
IM0043069,4
IM0043044,4
IM0043043,4
IM0042977,3
IM0042976,4
IM0043042,4
IM0043068,4
IM0043041,4
IM0043040,5
IM0043009,3
IM0042975,4
IM0043039,4
IM0042974,4
IM0043067,3
IM0043038,4
IM0043066,4
IM0042973,5
IM0043065,3
IM0042972,5
IM0043037,4
IM0043008,4
IM0043036,4
IM0043064,4
IM0043035,4
IM0043034,5
IM0043007,4
IM0042971,4
IM0043033,4
IM0043006,5
IM0043032,4
IM0043031,5
IM0042970,4
IM0043030,5
IM0043063,5
IM0043062,5
IM0043005,5
IM0042969,5
IM0043029,5
IM0043028,4
IM0042913,5
IM0043004,5
IM0043003,5
IM0043027,4
IM0043002,4
IM0043026,5
IM0042968,4
IM0042967,4
IM0043001,5
IM0043025,3
IM0042966,5
IM0042912,4
IM0042911,5
IM0042965,4
IM0042910,5
IM0042909,5
IM0043000,5
IM0042908,4
IM0042964,5
IM0042907,4
IM0042999,4
IM0042963,4
IM0043024,4
IM0042962,4
IM0042998,5
IM0042906,5
IM0043023,3
IM0042997,3
IM0043022,5
IM0042961,4
IM0042996,3
IM0042905,4
IM0042960,4
IM0043021,5
IM0042947,4
IM0042995,5
IM0042946,4
IM0042959,3
IM0042994,5
IM0042993,4
IM0042904,4
IM0042945,4
IM0042958,4
IM0042992,3
IM0042903,4
IM0042944,3
IM0042991,5
IM0042943,5
IM0042942,4
IM0042902,4
IM0042901,4
IM0042900,4
IM0042990,4
IM0042957,5
IM0042989,5
IM0042988,4
IM0042899,5
IM0042987,5
IM0042941,5
IM0042898,4
IM0042940,4
IM0042956,4
IM0042955,4
IM0042939,5
IM0042938,4
IM0042937,4
IM0042936,4
IM0042986,4
IM0042985,4
IM0042897,4
IM0042896,5
IM0042954,4
IM0042984,5
IM0042953,4
IM0042935,3
IM0042952,5
IM0042951,4
IM0042934,4
IM0042950,5
IM0042933,4
IM0042932,4
IM0042931,5
IM0042930,5
IM0042929,5
IM0042875,3
IM0042928,5
IM0042927,4
IM0042926,5
IM0042925,5
IM0042924,3
IM0042874,5
IM0042923,4
IM0042895,5
IM0042894,5
IM0042873,5
IM0042948,4
IM0042872,5
IM0042762,3
IM0042761,4
IM0042760,5
IM0042893,5
IM0042892,5
IM0042870,3
IM0042869,3
IM0042868,4
IM0042891,3
IM0042890,3
IM0042759,4
IM0042889,5
IM0042867,3
IM0042888,3
IM0042887,4
IM0042886,4
IM0042758,4
IM0042865,4
IM0042885,3
IM0042757,5
IM0042864,4
IM0042863,4
IM0042884,4
IM0042922,3
IM0042756,4
IM0042755,5
IM0042754,5
IM0042921,4
IM0042862,5
IM0042920,5
IM0042753,4
IM0042883,4
IM0042919,5
IM0042861,5
IM0042860,5
IM0042918,4
IM0042752,4
IM0042917,5
IM0042916,4
IM0042882,4
IM0042859,4
IM0042881,5
IM0042880,4
IM0042879,5
IM0042751,3
IM0042915,4
IM0042750,4
IM0042914,4
IM0042858,5
IM0042841,4
IM0042857,4
IM0042840,4
IM0042839,4
IM0042878,4
IM0042749,5
IM0042838,4
IM0042877,4
IM0042837,5
IM0042836,3
IM0042856,5
IM0042855,5
IM0042876,5
IM0042835,5
IM0042834,4
IM0042854,4
IM0042853,5
IM0042833,4
IM0042748,3
IM0042832,5
IM0042800,4
IM0042747,5
IM0042799,4
IM0042831,5
IM0042852,4
IM0042851,4
IM0042830,4
IM0042746,4
IM0042798,4
IM0042797,4
IM0042829,4
IM0042828,4
IM0042827,5
IM0042826,5
IM0042796,4
IM0042795,5
IM0042745,4
IM0042850,5
IM0042794,4
IM0042849,5
IM0042793,4
IM0042792,5
IM0042791,5
IM0042825,5
IM0042848,5
IM0042790,5
IM0042824,4
IM0042789,4
IM0042822,4
IM0042823,4
IM0042788,4
IM0042787,4
IM0042821,3
IM0042786,3
IM0042820,4
IM0042847,5
IM0042846,5
IM0042819,5
IM0042818,4
IM0042785,4
IM0042784,3
IM0042744,4
IM0042783,4
IM0042817,5
IM0042782,5
IM0042816,4
IM0042815,4
IM0042814,4
IM0042813,3
IM0042812,5
IM0042743,4
IM0042811,5
IM0042845,4
IM0042742,5
IM0042781,4
IM0042810,4
IM0042780,4
IM0042844,4
IM0042779,4
IM0042809,4
IM0042778,4
IM0042843,5
IM0042808,5
IM0042777,5
IM0042807,4
IM0042776,3
IM0042741,3
IM0042740,4
IM0042842,4
IM0042775,4
IM0042806,4
IM0042774,4
IM0042805,5
IM0042739,4
IM0042773,5
IM0042772,5
IM0042804,5
IM0042771,4
IM0042770,4
IM0042803,4
IM0042802,4
IM0042769,4
IM0042738,5
IM0042768,4
IM0042801,5
IM0042767,4
IM0042766,3
IM0042639,5
IM0042685,4
IM0042684,4
IM0042638,5
IM0042683,5
IM0042637,5
IM0042737,4
IM0042736,5
IM0042682,5
IM0042765,5
IM0042735,5
IM0042681,5
IM0042636,3
IM0042764,4
IM0042635,5
IM0042734,5
IM0042680,2
IM0042679,4
IM0042733,4
IM0042634,5
IM0042732,5
IM0042731,5
IM0042633,4
IM0042730,4
IM0042763,3
IM0042729,5
IM0042717,5
IM0042728,4
IM0042727,5
IM0042716,4
IM0042726,5
IM0042725,5
IM0042715,4
IM0042631,4
IM0042678,5
IM0042677,3
IM0042676,5
IM0042675,4
IM0042674,4
IM0042714,5
IM0042713,5
IM0042724,5
IM0042712,4
IM0042711,4
IM0042673,5
IM0042710,4
IM0042723,5
IM0042672,5
IM0042629,3
IM0042722,4
IM0042671,3
IM0042628,3
IM0042670,4
IM0042709,4
IM0042708,5
IM0042707,4
IM0042706,5
IM0042669,5
IM0042668,4
IM0042721,3
IM0042720,5
IM0042719,5
IM0042705,5
IM0042704,4
IM0042703,5
IM0042718,4
IM0042667,4
IM0042702,4
IM0042604,4
IM0042627,5
IM0042666,4
IM0042603,4
IM0042626,4
IM0042665,5
IM0042701,3
IM0042602,5
IM0042601,5
IM0042664,4
IM0042700,3
IM0042625,3
IM0042663,4
IM0042662,4
IM0042661,4
IM0042660,5
IM0042624,4
IM0042699,5
IM0042623,4
IM0042698,5
IM0042697,4
IM0042622,3
IM0042621,2
IM0042620,5
IM0042600,3
IM0042659,4
IM0042599,4
IM0042619,4
IM0042658,4
IM0042657,5
IM0042598,3
IM0042618,4
IM0042597,4
IM0042696,5
IM0042656,4
IM0042695,4
IM0042596,5
IM0042617,3
IM0042694,4
IM0042595,4
IM0042594,5
IM0042655,4
IM0042593,3
IM0042693,5
IM0042592,4
IM0042654,5
IM0042653,5
IM0042591,5
IM0042652,5
IM0042616,3
IM0042590,5
IM0042651,3
IM0042615,3
IM0042589,4
IM0042692,4
IM0042588,4
IM0042614,5
IM0042691,5
IM0042613,5
IM0042587,5
IM0042586,5
IM0042690,4
IM0042585,5
IM0042689,5
IM0042650,3
IM0042612,4
IM0042584,5
IM0042649,3
IM0042688,4
IM0042583,4
IM0042687,3
IM0042686,4
IM0042648,5
IM0042611,3
IM0042582,5
IM0042610,3
IM0042581,4
IM0042561,3
IM0042580,5
IM0042560,4
IM0042647,4
IM0042579,5
IM0042559,4
IM0042646,4
IM0042578,4
IM0042577,4
IM0042558,4
IM0042576,5
IM0042645,5
IM0042644,5
IM0042643,3
IM0042575,5
IM0042642,5
IM0042574,3
IM0042609,3
IM0042573,4
IM0042572,4
IM0042571,3
IM0042570,3
IM0042641,4
IM0042640,5
IM0042557,3
IM0042530,4
IM0042556,3
IM0042569,3
IM0042568,3
IM0042608,5
IM0042607,3
IM0042529,5
IM0042528,5
IM0042606,4
IM0042527,5
IM0042526,3
IM0042525,3
IM0042524,5
IM0042555,3
IM0042523,3
IM0042554,4
IM0042567,3
IM0042553,4
IM0042522,5
IM0042552,4
IM0042551,3
IM0042566,3
IM0042521,5
IM0042565,5
IM0042605,3
IM0042520,5
IM0042550,3
IM0042519,3
IM0042564,4
IM0042563,5
IM0042452,4
IM0042518,4
IM0042451,5
IM0042549,5
IM0042562,3
IM0042548,4
IM0042450,5
IM0042517,4
IM0042449,5
IM0042516,5
IM0042515,5
IM0042495,4
IM0042448,5
IM0042514,5
IM0042513,4
IM0042447,4
IM0042547,3
IM0042494,4
IM0042493,4
IM0042512,4
IM0042511,4
IM0042446,4
IM0042492,4
IM0042445,3
IM0042491,4
IM0042490,5
IM0042489,3
IM0042510,3
IM0042488,2
IM0042487,4
IM0042444,4
IM0042486,4
IM0042485,5
IM0042484,5
IM0042443,4
IM0042483,5
IM0042482,4
IM0042481,5
IM0042442,5
IM0042480,3
IM0042509,5
IM0042441,4
IM0042508,4
IM0042546,5
IM0042440,4
IM0042439,5
IM0042437,4
IM0042436,5
IM0042479,5
IM0042507,5
IM0042478,5
IM0042545,3
IM0042477,4
IM0042544,2
IM0042476,4
IM0042435,4
IM0042475,4
IM0042474,4
IM0042473,4
IM0042543,4
IM0042434,4
IM0042433,4
IM0042506,3
IM0042542,5
IM0042472,4
IM0042471,4
IM0042432,4
IM0042541,4
IM0042505,5
IM0042504,5
IM0042470,4
IM0042469,4
IM0042503,4
IM0042468,4
IM0042539,5
IM0042467,4
IM0042431,4
IM0042466,4
IM0042430,4
IM0042465,4
IM0042429,5
IM0042538,4
IM0042428,3
IM0042502,4
IM0042537,4
IM0042464,5
IM0042536,4
IM0042427,4
IM0042426,5
IM0042501,5
IM0042463,4
IM0042535,5
IM0042462,5
IM0042425,4
IM0042500,4
IM0042424,4
IM0042423,5
IM0042499,4
IM0042461,3
IM0042534,5
IM0042533,5
IM0042422,4
IM0042460,4
IM0042421,5
IM0042420,4
IM0042419,4
IM0042459,4
IM0042498,5
IM0042497,4
IM0042532,4
IM0042496,5
IM0042531,5
IM0042458,5
IM0042414,4
IM0042457,5
IM0042418,5
IM0042413,5
IM0042417,4
IM0042298,5
IM0042412,3
IM0042297,4
IM0042296,3
IM0042411,4
IM0042456,5
IM0042410,4
IM0042295,3
IM0042294,4
IM0042455,3
IM0042409,3
IM0042408,5
IM0042407,4
IM0042406,5
IM0042416,5
IM0042454,5
IM0042293,5
IM0042453,4
IM0042415,4
IM0042378,4
IM0042292,4
IM0042377,2
IM0042338,5
IM0042405,5
IM0042291,5
IM0042375,4
IM0042337,5
IM0042404,4
IM0042336,4
IM0042403,4
IM0042402,4
IM0042335,4
IM0042401,5
IM0042374,4
IM0042334,4
IM0042333,5
IM0042290,4
IM0042289,5
IM0042373,3
IM0042400,5
IM0042399,5
IM0042332,4
IM0042372,3
IM0042288,4
IM0042331,4
IM0042398,5
IM0042287,5
IM0042286,4
IM0042371,4
IM0042370,4
IM0042330,5
IM0042369,5
IM0042368,4
IM0042367,5
IM0042366,3
IM0042285,5
IM0042397,4
IM0042396,5
IM0042365,5
IM0042395,5
IM0042394,5
IM0042363,4
IM0042284,5
IM0042393,4
IM0042283,5
IM0042362,4
IM0042392,3
IM0042361,4
IM0042391,3
IM0042390,4
IM0042389,3
IM0042388,4
IM0042360,4
IM0042282,4
IM0042387,4
IM0042281,4
IM0042386,4
IM0042359,4
IM0042358,4
IM0042328,5
IM0042357,4
IM0042327,5
IM0042385,4
IM0042280,5
IM0042279,5
IM0042356,4
IM0042384,3
IM0042383,4
IM0042278,5
IM0042355,3
IM0042326,3
IM0042354,4
IM0042325,4
IM0042324,5
IM0042382,4
IM0042353,4
IM0042277,4
IM0042352,4
IM0042351,4
IM0042323,5
IM0042381,4
IM0042350,4
IM0042276,4
IM0042349,4
IM0042275,5
IM0042274,5
IM0042322,4
IM0042380,4
IM0042379,5
IM0042258,4
IM0042273,4
IM0042272,5
IM0042271,3
IM0042257,4
IM0042348,3
IM0042347,5
IM0042346,3
IM0042256,4
IM0042345,5
IM0042255,5
IM0042254,4
IM0042321,4
IM0042344,4
IM0042320,5
IM0042253,5
IM0042269,4
IM0042343,4
IM0042252,3
IM0042319,4
IM0042317,4
IM0042342,4
IM0042316,4
IM0042268,4
IM0042251,4
IM0042315,5
IM0042314,4
IM0042250,3
IM0042249,4
IM0042313,5
IM0042248,5
IM0042312,4
IM0042266,3
IM0042247,3
IM0042265,5
IM0042264,5
IM0042341,5
IM0042310,4
IM0042340,5
IM0042339,5
IM0042224,3
IM0042223,4
IM0042222,3
IM0042246,5
IM0042221,5
IM0042220,5
IM0042263,4
IM0042309,4
IM0042308,5
IM0042245,4
IM0042244,4
IM0042307,4
IM0042306,4
IM0042305,4
IM0042304,5
IM0042303,4
IM0042243,4
IM0042302,3
IM0042301,3
IM0042242,4
IM0042300,4
IM0042262,4
IM0042241,5
IM0042219,4
IM0042218,5
IM0042299,4
IM0042217,4
IM0042261,5
IM0042216,4
IM0042184,4
IM0042240,4
IM0042260,3
IM0042215,5
IM0042259,5
IM0042239,4
IM0042238,4
IM0042214,5
IM0042237,4
IM0042236,3
IM0042213,5
IM0042212,5
IM0042235,3
IM0042211,4
IM0042183,4
IM0042150,4
IM0042234,3
IM0042233,4
IM0042232,4
IM0042209,4
IM0042210,5
IM0042208,5
IM0042149,4
IM0042148,4
IM0042231,4
IM0042207,5
IM0042182,3
IM0042147,4
IM0042206,4
IM0042205,4
IM0042146,4
IM0042230,3
IM0042204,5
IM0042229,3
IM0042228,5
IM0042203,2
IM0042227,4
IM0042181,5
IM0042202,3
IM0042201,4
IM0042180,3
IM0042145,5
IM0042179,4
IM0042144,3
IM0042178,3
IM0042177,4
IM0042143,5
IM0042200,5
IM0042176,4
IM0042175,4
IM0042174,4
IM0042142,5
IM0042141,3
IM0042226,5
IM0042225,4
IM0042118,3
IM0042117,3
IM0042116,3
IM0042199,4
IM0042115,4
IM0042114,4
IM0042113,5
IM0042140,4
IM0042112,4
IM0042111,3
IM0042139,5
IM0042198,4
IM0042173,4
IM0042172,4
IM0042110,4
IM0042171,5
IM0042138,4
IM0042170,5
IM0042109,4
IM0042169,5
IM0042108,4
IM0042197,4
IM0042168,5
IM0042167,4
IM0042107,3
IM0042137,4
IM0042136,4
IM0042135,4
IM0042196,4
IM0042195,5
IM0042106,5
IM0042166,5
IM0042105,4
IM0042194,4
IM0042104,4
IM0042165,5
IM0042103,5
IM0042134,4
IM0042193,4
IM0042102,5
IM0042192,4
IM0042133,4
IM0042191,5
IM0042164,4
IM0042101,4
IM0042163,4
IM0042190,4
IM0042189,5
IM0042188,4
IM0042132,4
IM0042162,4
IM0042161,5
IM0042100,4
IM0042160,4
IM0042131,5
IM0042159,4
IM0042158,5
IM0042187,4
IM0042186,4
IM0042185,5
IM0042079,5
IM0042157,4
IM0042156,4
IM0042155,4
IM0042154,4
IM0042130,3
IM0042129,4
IM0042153,4
IM0042078,5
IM0042152,4
IM0042151,4
IM0042033,5
IM0042128,3
IM0042127,3
IM0042126,4
IM0042077,5
IM0042099,4
IM0042032,4
IM0042076,4
IM0042098,2
IM0042097,4
IM0042031,5
IM0042075,4
IM0042125,4
IM0042074,5
IM0042073,4
IM0042072,5
IM0042071,4
IM0042070,5
IM0042030,4
IM0042029,4
IM0042069,4
IM0042068,4
IM0042067,5
IM0042066,5
IM0042124,4
IM0042123,5
IM0042122,4
IM0042065,3
IM0042064,4
IM0042121,5
IM0042096,4
IM0042095,4
IM0042094,5
IM0042063,5
IM0042062,4
IM0042093,5
IM0042092,4
IM0042061,4
IM0042060,4
IM0042028,4
IM0042120,4
IM0041996,3
IM0042091,4
IM0042090,4
IM0042059,4
IM0041995,3
IM0041994,4
IM0042058,4
IM0042089,5
IM0042088,4
IM0042087,4
IM0041993,3
IM0041992,3
IM0042057,5
IM0042086,4
IM0042027,5
IM0042085,3
IM0042026,3
IM0042056,4
IM0042025,4
IM0042084,4
IM0042024,5
IM0041991,5
IM0042055,5
IM0042054,4
IM0041990,5
IM0042053,4
IM0041989,4
IM0042083,3
IM0042023,5
IM0042082,5
IM0042081,5
IM0041988,4
IM0042052,4
IM0042022,4
IM0042051,5
IM0042050,5
IM0042080,5
IM0042049,5
IM0042021,4
IM0042020,4
IM0041966,4
IM0041965,3
IM0041987,4
IM0042048,3
IM0042046,4
IM0042047,5
IM0042019,3
IM0041964,5
IM0042018,4
IM0041986,2
IM0042045,4
IM0042017,4
IM0041963,3
IM0042016,5
IM0042044,4
IM0041985,4
IM0042015,5
IM0042043,4
IM0041962,5
IM0042014,4
IM0042013,4
IM0042042,2
IM0042041,4
IM0041961,5
IM0042040,4
IM0042012,3
IM0042011,4
IM0042039,5
IM0041984,4
IM0041960,5
IM0042038,5
IM0041983,4
IM0041959,4
IM0041982,4
IM0042010,4
IM0042009,3
IM0042037,2
IM0041958,4
IM0041981,5
IM0042008,4
IM0041980,5
IM0042036,5
IM0042035,3
IM0042034,3
IM0041979,5
IM0041957,4
IM0041978,4
IM0041956,4
IM0041928,4
IM0041977,4
IM0042007,4
IM0042006,5
IM0041927,4
IM0041955,5
IM0041954,5
IM0042005,5
IM0041953,4
IM0041952,4
IM0041926,3
IM0041925,4
IM0041924,4
IM0041923,4
IM0042004,4
IM0041951,4
IM0041976,5
IM0042003,5
IM0041922,5
IM0041921,4
IM0042002,5
IM0042001,4
IM0041950,4
IM0041920,5
IM0041949,4
IM0041919,5
IM0041948,3
IM0041975,3
IM0042000,4
IM0041974,4
IM0041999,5
IM0041947,4
IM0041973,3
IM0041946,4
IM0041998,3
IM0041918,5
IM0041972,3
IM0041971,5
IM0041917,4
IM0041916,3
IM0041915,3
IM0041945,4
IM0041914,4
IM0041970,5
IM0041969,4
IM0041913,4
IM0041912,4
IM0041944,4
IM0041911,4
IM0041910,3
IM0041997,5
IM0041943,3
IM0041909,5
IM0041968,4
IM0041942,4
IM0041967,5
IM0041884,4
IM0041908,4
IM0041907,4
IM0041805,5
IM0041906,4
IM0041905,5
IM0041904,5
IM0041903,3
IM0041902,4
IM0041804,4
IM0041901,4
IM0041883,4
IM0041882,2
IM0041941,5
IM0041803,3
IM0041881,4
IM0041900,3
IM0041802,5
IM0041940,5
IM0041939,5
IM0041880,5
IM0041801,5
IM0041899,5
IM0041938,4
IM0041800,5
IM0041799,3
IM0041879,4
IM0041798,4
IM0041878,3
IM0041937,4
IM0041898,4
IM0041897,3
IM0041877,3
IM0041896,4
IM0041876,4
IM0041936,4
IM0041875,4
IM0041797,3
IM0041874,3
IM0041796,4
IM0041873,5
IM0041895,3
IM0041795,4
IM0041872,4
IM0041871,4
IM0041894,4
IM0041893,4
IM0041892,4
IM0041794,4
IM0041793,4
IM0041935,5
IM0041870,5
IM0041792,4
IM0041934,4
IM0041869,5
IM0041868,5
IM0041933,4
IM0041867,4
IM0041891,4
IM0041890,4
IM0041932,4
IM0041931,4
IM0041866,4
IM0041791,5
IM0041929,5
IM0041865,5
IM0041790,4
IM0041850,4
IM0041789,5
IM0041889,4
IM0041849,3
IM0041864,5
IM0041863,4
IM0041862,4
IM0041848,5
IM0041861,5
IM0041847,4
IM0041888,5
IM0041887,5
IM0041886,5
IM0041860,4
IM0041859,4
IM0041846,4
IM0041845,4
IM0041844,4
IM0041843,4
IM0041788,4
IM0041842,5
IM0041841,4
IM0041840,4
IM0041885,4
IM0041858,5
IM0041787,4
IM0041839,4
IM0041838,4
IM0041688,4
IM0041687,5
IM0041837,3
IM0041857,4
IM0041836,4
IM0041835,3
IM0041834,4
IM0041833,5
IM0041856,4
IM0041855,5
IM0041686,5
IM0041854,5
IM0041853,4
IM0041832,5
IM0041786,2
IM0041852,3
IM0041685,4
IM0041851,5
IM0041684,5
IM0041770,4
IM0041831,4
IM0041769,5
IM0041785,4
IM0041830,5
IM0041829,5
IM0041828,5
IM0041768,3
IM0041827,4
IM0041825,4
IM0041826,5
IM0041824,3
IM0041767,3
IM0041823,5
IM0041683,4
IM0041822,4
IM0041766,4
IM0041682,4
IM0041681,4
IM0041765,4
IM0041764,3
IM0041821,5
IM0041784,4
IM0041763,4
IM0041680,3
IM0041762,4
IM0041761,4
IM0041760,4
IM0041759,4
IM0041783,5
IM0041758,4
IM0041757,4
IM0041756,5
IM0041782,5
IM0041781,4
IM0041820,4
IM0041679,4
IM0041819,5
IM0041780,3
IM0041678,5
IM0041677,5
IM0041818,5
IM0041817,3
IM0041816,3
IM0041676,4
IM0041815,5
IM0041779,5
IM0041814,5
IM0041813,5
IM0041675,4
IM0041674,4
IM0041755,4
IM0041673,4
IM0041754,4
IM0041812,5
IM0041811,5
IM0041810,5
IM0041753,4
IM0041672,4
IM0041809,5
IM0041778,3
IM0041752,4
IM0041808,4
IM0041807,5
IM0041777,5
IM0041806,4
IM0041751,3
IM0041750,5
IM0041730,5
IM0041671,4
IM0041749,5
IM0041748,5
IM0041670,4
IM0041729,3
IM0041747,4
IM0041728,5
IM0041669,5
IM0041776,3
IM0041746,4
IM0041775,4
IM0041727,5
IM0041726,4
IM0041725,3
IM0041668,4
IM0041774,5
IM0041724,4
IM0041745,3
IM0041723,5
IM0041744,5
IM0041743,5
IM0041667,4
IM0041722,5
IM0041721,4
IM0041720,4
IM0041666,4
IM0041719,5
IM0041718,4
IM0041665,4
IM0041742,5
IM0041741,4
IM0041664,4
IM0041717,5
IM0041663,3
IM0041716,5
IM0041773,5
IM0041715,5
IM0041714,5
IM0041740,4
IM0041713,5
IM0041772,4
IM0041712,3
IM0041711,5
IM0041662,4
IM0041710,3
IM0041661,4
IM0041709,4
IM0041708,4
IM0041660,4
IM0041707,4
IM0041771,5
IM0041706,4
IM0041739,4
IM0041659,4
IM0041705,5
IM0041658,4
IM0041704,4
IM0041657,5
IM0041738,4
IM0041646,5
IM0041737,3
IM0041645,5
IM0041736,4
IM0041644,5
IM0041703,5
IM0041702,5
IM0041735,4
IM0041701,5
IM0041700,5
IM0041734,4
IM0041699,4
IM0041656,4
IM0041733,5
IM0041732,4
IM0041655,5
IM0041643,5
IM0041731,4
IM0041698,3
IM0041571,5
IM0041570,4
IM0041569,4
IM0041568,5
IM0041567,5
IM0041566,5
IM0041697,3
IM0041642,4
IM0041696,4
IM0041641,5
IM0041565,5
IM0041654,4
IM0041564,4
IM0041695,4
IM0041653,5
IM0041694,5
IM0041563,4
IM0041640,5
IM0041652,5
IM0041639,4
IM0041693,5
IM0041638,4
IM0041637,4
IM0041636,5
IM0041635,5
IM0041634,4
IM0041633,4
IM0041692,4
IM0041691,5
IM0041632,4
IM0041631,4
IM0041690,5
IM0041562,4
IM0041561,5
IM0041560,5
IM0041651,4
IM0041630,4
IM0041629,4
IM0041559,5
IM0041604,4
IM0041603,3
IM0041558,5
IM0041650,4
IM0041602,5
IM0041649,4
IM0041601,4
IM0041628,5
IM0041600,5
IM0041599,5
IM0041648,5
IM0041557,4
IM0041532,5
IM0041531,4
IM0041556,5
IM0041598,3
IM0041530,4
IM0041529,4
IM0041627,4
IM0041555,4
IM0041597,4
IM0041554,5
IM0041626,5
IM0041625,4
IM0041624,4
IM0041528,4
IM0041623,4
IM0041596,4
IM0041595,4
IM0041594,3
IM0041622,5
IM0041593,3
IM0041553,4
IM0041592,3
IM0041621,3
IM0041527,4
IM0041620,3
IM0041591,3
IM0041590,5
IM0041619,5
IM0041618,3
IM0041589,2
IM0041617,4
IM0041526,4
IM0041588,5
IM0041616,5
IM0041552,3
IM0041525,4
IM0041551,5
IM0041587,5
IM0041524,5
IM0041615,4
IM0041586,3
IM0041614,4
IM0041613,4
IM0041523,5
IM0041612,4
IM0041522,4
IM0041521,4
IM0041585,4
IM0041611,3
IM0041550,5
IM0041549,3
IM0041610,2
IM0041584,4
IM0041548,5
IM0041609,5
IM0041583,3
IM0041547,5
IM0041546,3
IM0041520,5
IM0041608,4
IM0041519,3
IM0041545,3
IM0041544,5
IM0041543,4
IM0041518,5
IM0041607,5
IM0041582,5
IM0041581,4
IM0041542,3
IM0041541,3
IM0041540,3
IM0041517,3
IM0041580,3
IM0041516,5
IM0041539,5
IM0041579,4
IM0041578,5
IM0041577,4
IM0041606,4
IM0041576,4
IM0041605,5
IM0041451,4
IM0041515,4
IM0041514,4
IM0041575,4
IM0041574,4
IM0041537,5
IM0041536,4
IM0041513,3
IM0041573,3
IM0041535,5
IM0041572,4
IM0041410,4
IM0041409,4
IM0041450,5
IM0041534,4
IM0041512,3
IM0041511,4
IM0041449,4
IM0041533,4
IM0041493,5
IM0041492,5
IM0041408,5
IM0041407,5
IM0041491,5
IM0041490,4
IM0041510,5
IM0041447,4
IM0041446,4
IM0041489,4
IM0041406,4
IM0041445,5
IM0041488,4
IM0041509,5
IM0041444,4
IM0041508,4
IM0041507,5
IM0041405,4
IM0041443,5
IM0041487,4
IM0041486,4
IM0041442,4
IM0041441,4
IM0041485,4
IM0041403,5
IM0041440,4
IM0041484,4
IM0041439,5
IM0041506,4
IM0041483,5
IM0041402,3
IM0041482,4
IM0041481,4
IM0041401,4
IM0041400,4
IM0041438,4
IM0041505,5
IM0041504,5
IM0041399,4
IM0041480,4
IM0041479,4
IM0041478,5
IM0041503,5
IM0041502,5
IM0041477,4
IM0041501,5
IM0041500,5
IM0041437,4
IM0041436,4
IM0041398,4
IM0041476,3
IM0041397,5
IM0041475,5
IM0041435,5
IM0041396,5
IM0041434,3
IM0041499,4
IM0041498,5
IM0041474,4
IM0041433,5
IM0041473,4
IM0041472,4
IM0041497,5
IM0041471,4
IM0041470,4
IM0041469,5
IM0041432,5
IM0041468,4
IM0041467,4
IM0041395,4
IM0041496,3
IM0041466,4
IM0041465,4
IM0041394,5
IM0041464,5
IM0041463,4
IM0041431,5
IM0041495,5
IM0041430,5
IM0041462,4
IM0041393,4
IM0041461,5
IM0041460,5
IM0041494,5
IM0041392,3
IM0041459,5
IM0041391,4
IM0041390,5
IM0041429,3
IM0041457,5
IM0041229,4
IM0041456,4
IM0041455,4
IM0041454,4
IM0041227,5
IM0041428,3
IM0041453,4
IM0041226,5
IM0041389,4
IM0041452,4
IM0041378,4
IM0041379,4
IM0041377,2
IM0041427,5
IM0041376,5
IM0041375,4
IM0041374,3
IM0041426,4
IM0041373,3
IM0041372,4
IM0041388,3
IM0041425,5
IM0041371,5
IM0041424,5
IM0041370,5
IM0041369,5
IM0041423,4
IM0041368,5
IM0041387,4
IM0041367,4
IM0041366,2
IM0041365,5
IM0041364,3
IM0041363,3
IM0041386,3
IM0041225,4
IM0041385,5
IM0041362,4
IM0041361,3
IM0041360,3
IM0041359,5
IM0041384,5
IM0041422,5
IM0041358,4
IM0041421,4
IM0041420,5
IM0041357,5
IM0041224,4
IM0041356,5
IM0041355,4
IM0041383,4
IM0041419,4
IM0041354,5
IM0041418,4
IM0041223,5
IM0041222,4
IM0041221,5
IM0041353,3
IM0041352,3
IM0041417,5
IM0041416,4
IM0041351,5
IM0041415,4
IM0041220,3
IM0041414,5
IM0041413,4
IM0041382,4
IM0041412,5
IM0041411,4
IM0041381,5
IM0041380,4
IM0041219,5
IM0041267,3
IM0041350,4
IM0041266,5
IM0041349,5
IM0041265,5
IM0041348,4
IM0041344,3
IM0041218,4
IM0041347,3
IM0041217,4
IM0041264,5
IM0041216,3
IM0041343,3
IM0041263,4
IM0041215,5
IM0041214,4
IM0041262,4
IM0041261,5
IM0041213,4
IM0041342,5
IM0041260,4
IM0041346,4
IM0041212,5
IM0041345,5
IM0041309,4
IM0041308,4
IM0041259,5
IM0041211,5
IM0041307,5
IM0041258,5
IM0041341,3
IM0041257,4
IM0041306,4
IM0041340,3
IM0041305,4
IM0041304,5
IM0041339,5
IM0041210,4
IM0041256,4
IM0041338,4
IM0041337,5
IM0041255,4
IM0041336,3
IM0041254,4
IM0041303,5
IM0041253,4
IM0041335,5
IM0041334,4
IM0041302,4
IM0041333,3
IM0041301,3
IM0041300,5
IM0041332,4
IM0041331,3
IM0041299,4
IM0041252,4
IM0041209,5
IM0041251,5
IM0041298,4
IM0041250,3
IM0041249,5
IM0041208,4
IM0041248,4
IM0041247,5
IM0041330,4
IM0041246,3
IM0041245,4
IM0041297,4
IM0041329,3
IM0041244,5
IM0041296,4
IM0041243,5
IM0041207,3
IM0041295,3
IM0041328,5
IM0041242,5
IM0041294,4
IM0041241,5
IM0041293,3
IM0041327,4
IM0041240,5
IM0041239,4
IM0041326,4
IM0041206,4
IM0041325,4
IM0041324,4
IM0041323,4
IM0041322,4
IM0041205,5
IM0041292,5
IM0041238,4
IM0041291,5
IM0041290,4
IM0041321,3
IM0041204,4
IM0041289,5
IM0041288,4
IM0041287,4
IM0041203,4
IM0041320,4
IM0041286,4
IM0041202,4
IM0041237,3
IM0041285,4
IM0041284,5
IM0041283,4
IM0041236,4
IM0041282,4
IM0041201,3
IM0041319,4
IM0041318,4
IM0041317,3
IM0041316,5
IM0041315,5
IM0041314,5
IM0041313,4
IM0041200,4
IM0041312,3
IM0041281,4
IM0041199,4
IM0041198,4
IM0041280,5
IM0041235,4
IM0041279,4
IM0041197,5
IM0041278,4
IM0041277,4
IM0041276,4
IM0041311,4
IM0041275,4
IM0041274,3
IM0041196,3
IM0041273,4
IM0041234,4
IM0041272,5
IM0041271,4
IM0041233,5
IM0041310,3
IM0041270,4
IM0041269,5
IM0041268,4
IM0041232,4
IM0041114,3
IM0041151,4
IM0041231,5
IM0041195,4
IM0041150,5
IM0041149,4
IM0041148,4
IM0041230,4
IM0041191,4
IM0041113,4
IM0041112,4
IM0041147,5
IM0041111,4
IM0041146,3
IM0041194,4
IM0041145,5
IM0041144,4
IM0041193,4
IM0041190,5
IM0041078,4
IM0041192,4
IM0041110,4
IM0041109,3
IM0041077,2
IM0041076,4
IM0041143,4
IM0041075,3
IM0041189,4
IM0041188,5
IM0041074,4
IM0041108,3
IM0041142,4
IM0041187,5
IM0041186,4
IM0041141,3
IM0041073,3
IM0041185,4
IM0041184,4
IM0041107,4
IM0041140,4
IM0041139,4
IM0041072,5
IM0041106,4
IM0041183,3
IM0041138,4
IM0041105,3
IM0041071,5
IM0041104,5
IM0041070,4
IM0041103,5
IM0041069,4
IM0041136,4
IM0041068,4
IM0041102,5
IM0041135,5
IM0041182,4
IM0041181,4
IM0041067,4
IM0041134,4
IM0041066,4
IM0041133,4
IM0041101,4
IM0041180,4
IM0041100,4
IM0041132,4
IM0041179,5
IM0041065,4
IM0041099,4
IM0041098,4
IM0041064,4
IM0041097,4
IM0041096,4
IM0041131,5
IM0041177,5
IM0041095,5
IM0041130,3
IM0041176,3
IM0041175,5
IM0041174,3
IM0041173,4
IM0041094,3
IM0041063,5
IM0041172,4
IM0041129,4
IM0041171,4
IM0041062,5
IM0041170,5
IM0041128,4
IM0041169,4
IM0041127,5
IM0041126,4
IM0041168,2
IM0041167,5
IM0041061,4
IM0041166,5
IM0041165,4
IM0041164,5
IM0041163,4
IM0041125,5
IM0041060,4
IM0041162,5
IM0041124,3
IM0041161,4
IM0041160,4
IM0041123,4
IM0041122,4
IM0041159,4
IM0041093,4
IM0041092,4
IM0041059,4
IM0041091,4
IM0041121,5
IM0041090,5
IM0041089,5
IM0041088,5
IM0041058,2
IM0041087,4
IM0041120,4
IM0041158,5
IM0041057,4
IM0041056,5
IM0041055,3
IM0041054,4
IM0041119,4
IM0041053,4
IM0041118,4
IM0041086,5
IM0041157,3
IM0041156,4
IM0041155,4
IM0041154,4
IM0041085,5
IM0041153,5
IM0041084,5
IM0041152,4
IM0041083,4
IM0041052,4
IM0041051,4
IM0041082,5
IM0041117,5
IM0041081,4
IM0041116,4
IM0040921,4
IM0040920,5
IM0041050,5
IM0041115,4
IM0041049,4
IM0041080,3
IM0040919,4
IM0041048,4
IM0041047,4
IM0041046,5
IM0041036,3
IM0041045,4
IM0041044,4
IM0041035,5
IM0041079,5
IM0041034,4
IM0041043,4
IM0040918,3
IM0041042,4
IM0041033,5
IM0041041,5
IM0040917,4
IM0040998,5
IM0040997,4
IM0041040,4
IM0040916,4
IM0041039,5
IM0041038,3
IM0040915,4
IM0040996,4
IM0040914,4
IM0041032,4
IM0040995,5
IM0041037,3
IM0040913,5
IM0040994,5
IM0041031,4
IM0040964,4
IM0040912,4
IM0040993,4
IM0041030,5
IM0040963,2
IM0040992,4
IM0041029,4
IM0040911,4
IM0040962,5
IM0040910,5
IM0040961,5
IM0040909,5
IM0040991,4
IM0040908,4
IM0040990,4
IM0041028,3
IM0040989,4
IM0041027,4
IM0040907,5
IM0040960,4
IM0041026,4
IM0041025,5
IM0040959,3
IM0041024,4
IM0041023,4
IM0041022,5
IM0040906,4
IM0041021,3
IM0040958,3
IM0041020,3
IM0041019,5
IM0041018,4
IM0040905,4
IM0040988,5
IM0041017,3
IM0040904,5
IM0041016,5
IM0040957,4
IM0040987,5
IM0041015,3
IM0041014,3
IM0041013,5
IM0041012,5
IM0040986,4
IM0041011,4
IM0040956,4
IM0041010,5
IM0040955,3
IM0041009,4
IM0040985,5
IM0041008,5
IM0040954,4
IM0040984,5
IM0040953,4
IM0040952,4
IM0040903,5
IM0040902,4
IM0040901,3
IM0040951,4
IM0040950,5
IM0040900,4
IM0040949,4
IM0041006,5
IM0041005,5
IM0041004,4
IM0040948,5
IM0041003,4
IM0041002,3
